elapsed_s,cpu_time_s,rss_bytes,uss_bytes,threads
0.007195294999746693,14.73,1196167168,1191858176,6
0.2152851699997882,15.1,1216192512,1211879424,8
0.4233515089999855,15.57,1244127232,1239814144,8
0.631152968999686,15.99,1245822976,1241489408,8
0.8391224419997343,16.48,1273843712,1269510144,8
1.0482389039998452,16.919999999999998,1274351616,1269981184,8
1.2568201689996386,17.34,1274548224,1270235136,8
1.466700782999851,17.77,1294106624,1289748480,16
1.6758633139997983,18.28,1301491712,1297178624,8
1.8846862089999377,18.7,1301622784,1297321984,8
2.0929917629996453,19.13,1301622784,1297321984,8
2.3047892559998218,19.57,1334468608,1329143808,23
2.513723908999964,20.05,1334284288,1329983488,8
2.721663176999755,20.470000000000002,1334284288,1329999872,8
2.929719560999729,20.9,1334284288,1329999872,8
3.137844553999912,21.33,1330655232,1326342144,8
3.346049532000052,21.85,1337733120,1333420032,8
3.554658007999933,22.28,1337733120,1333420032,8
3.7629714999998214,22.689999999999998,1337733120,1333420032,8
3.971702110000024,23.13,1337737216,1333424128,8
4.183849570999882,23.65,1341210624,1336897536,8
4.392407528999684,24.080000000000002,1341210624,1336897536,8
4.60150602099975,24.5,1341210624,1336897536,8
4.816602714000055,24.979999999999997,1337499648,1333297152,9
5.024810263999825,25.450000000000003,1337479168,1333145600,8
5.236495194999861,25.88,1337479168,1333178368,8
5.446129544999621,26.310000000000002,1337479168,1333178368,8
5.655156679999891,26.8,1341046784,1336745984,8
5.864350875999662,27.25,1341046784,1336745984,8
6.074017806000029,27.68,1341046784,1336762368,8
6.284582948999741,28.110000000000003,1346224128,1336762368,8
6.496084027000052,28.639999999999997,1344708608,1340395520,8
6.705694195999968,29.07,1344708608,1340395520,8
6.91554764600005,29.5,1344708608,1340395520,8
7.124148217999846,29.93,1349885952,1345572864,8
7.332376277999629,30.45,1345167360,1340854272,8
7.541612453999733,30.87,1345167360,1340854272,8
7.750405996999689,31.3,1345167360,1340854272,8
7.960052904999884,31.73,1360961536,1356627968,8
8.169227216999843,32.25,1345175552,1340841984,8
8.378244962999815,32.67,1345175552,1340841984,8
8.58682717199963,33.1,1345175552,1340874752,8
8.79577464699969,33.53,1350352896,1340874752,8
9.005016595999678,34.1,1349046272,1344745472,8
9.213459861000047,34.519999999999996,1349046272,1344745472,8
9.422225106000042,34.95,1349214208,1344929792,8
9.631915795999703,35.379999999999995,1349214208,1344929792,8
9.844074140999965,35.82,1349214208,1344929792,8
10.053808181000022,36.25,1390854144,1386553344,8
10.262306868999985,36.78,1401020416,1396703232,15
10.470998968999993,37.239999999999995,1401020416,1396703232,15
10.679984280999633,37.66,1401020416,1396703232,15
10.88999541899966,38.1,1401032704,1396703232,19
11.099012588999813,38.59,1404387328,1400070144,15
11.308838457999627,39.02,1404387328,1400049664,15
11.518208779999895,39.43,1404387328,1400049664,15
11.731398828999772,39.980000000000004,1404784640,1400467456,15
11.942638908999925,40.41,1404784640,1400467456,15
12.153335950999917,40.84,1404801024,1400483840,15
12.3622722289997,41.260000000000005,1404801024,1400496128,15
12.571574898999643,41.68,1404801024,1400496128,15
12.791907993999757,42.18,1392566272,1388318720,16
13.002310952999778,42.629999999999995,1392431104,1388142592,15
13.212768433999827,43.07,1392431104,1388142592,15
13.426666424999894,43.52,1392431104,1388142592,15
13.635356431999753,43.94,1392435200,1388146688,15
13.84417081599986,44.36,1392439296,1388150784,15
14.054886685999918,44.8,1392472064,1388154880,22
14.263272804999815,45.34,1392668672,1388380160,15
14.472298607999619,45.769999999999996,1392680960,1388392448,15
14.6808443179998,46.19,1392680960,1388392448,15
14.889551599999777,46.620000000000005,1392680960,1388392448,15
15.102175385999999,47.050000000000004,1433448448,1429131264,15
15.311626355000044,47.6,1434824704,1430487040,15
15.521023907999734,48.03,1434828800,1430511616,15
15.730105955999989,48.44,1434828800,1430511616,15
15.940552130000015,48.89,1438408704,1430642688,28
16.15182348799999,49.379999999999995,1438248960,1433931776,15
16.36481533799997,49.82,1438248960,1433931776,15
16.57351546999962,50.25,1438248960,1433931776,15
16.782773016999727,50.78,1438556160,1434238976,15
16.991969046999657,51.19,1438556160,1434238976,15
17.20158909499969,51.629999999999995,1438556160,1434251264,15
17.414469748999636,52.07,1438564352,1434251264,19
17.627467953999712,52.55,1438621696,1434316800,15
17.840577370999654,52.99,1438621696,1434316800,15
18.04969690600001,53.41,1438621696,1434333184,15
18.25854858599996,53.830000000000005,1438621696,1434333184,15
18.46833268299997,54.25,1442246656,1437958144,31
18.677530319999732,54.74,1442045952,1437757440,15
18.886628972999915,55.17,1442045952,1437757440,15
19.099858666999808,55.61,1442045952,1437757440,15
19.312877256999855,56.050000000000004,1442045952,1437757440,15
19.529644497999925,56.5,1442045952,1437757440,15
19.74360732699961,56.99,1442955264,1438638080,15
19.952905770999678,57.46,1442947072,1438629888,15
20.162518427999657,57.89,1442947072,1438609408,15
20.373078308999993,58.32,1442947072,1438609408,15
20.582792725999752,58.81,1446305792,1441988608,15
20.792221606999647,59.25,1446305792,1441988608,15
21.003184428999703,59.67,1446305792,1441988608,15
21.212689474999934,60.11,1446305792,1441988608,15
21.42570686499994,60.64,1446674432,1442357248,15
21.63833584899976,61.07,1446674432,1442369536,15
21.84939471200005,61.51,1446674432,1442369536,15
22.058217298999807,61.94,1446674432,1442369536,15
22.269888589999937,62.46,1450221568,1445916672,15
22.47921362399984,62.900000000000006,1450221568,1445916672,15
22.688017287999628,63.32000000000001,1450221568,1445933056,15
22.898196449999887,63.75,1450221568,1445933056,15
23.11002551899992,64.36,1450688512,1446400000,15
23.31970796199994,64.8,1450688512,1446400000,15
23.528789209000024,65.22,1450704896,1446416384,15
23.739537197999653,65.66,1450704896,1446416384,15
23.949518451999666,66.09,1450704896,1446416384,15
24.161567161999756,66.52,1450717184,1446416384,15
24.374610489999668,66.97,1474605056,1470316544,15
24.58956677599963,67.44,1474613248,1470275584,15
24.80297026299968,67.93,1477971968,1473634304,15
25.013158318000023,68.34,1477971968,1473654784,15
25.224810780999633,68.77,1477971968,1473654784,15
25.434105178999744,69.21000000000001,1477971968,1473654784,15
25.64420128599977,69.71,1478270976,1473953792,15
25.85416009599976,70.13,1478270976,1473953792,15
26.064923679000003,70.57000000000001,1478270976,1473953792,15
26.2749973709997,71.10000000000001,1478340608,1474023424,15
26.487103556999955,71.53,1478340608,1474035712,15
26.696259977999944,71.94,1478340608,1474035712,15
26.905661812999824,72.37,1478340608,1474035712,15
27.116684696999982,72.81,1478402048,1474039808,24
27.326483444999667,73.37,1478340608,1474035712,15
27.535730421999688,73.80000000000001,1478340608,1474052096,15
27.747375081999962,74.22,1478340608,1474052096,15
27.957756149000033,74.65,1478340608,1474052096,15
28.169520338999973,75.21,1478574080,1474285568,29
28.38013940499968,75.7,1478340608,1474052096,15
28.589275705999626,76.12,1478340608,1474052096,15
28.79876637999996,76.56,1478340608,1474052096,15
29.007931695000025,76.98,1478340608,1474052096,15
29.22313159999976,77.44,1478340608,1474052096,15
29.432826592999845,77.86,1478340608,1474031616,15
29.65001547499969,78.33,1478365184,1474027520,15
29.903044058999967,78.88,1478377472,1474203648,15
30.11202373299966,79.30000000000001,1478377472,1474060288,15
30.32182138099961,79.72999999999999,1478377472,1474060288,15
30.531331164999756,80.17,1478377472,1474060288,15
30.741805531999944,80.66,1478377472,1474060288,15
30.952060889999757,81.1,1478377472,1474060288,15
31.161693878999813,81.53,1478377472,1474060288,15
31.371317819999604,82.04,1478377472,1474060288,15
31.580200329000036,82.47,1478377472,1474072576,15
31.789929092999955,82.89,1478377472,1474072576,15
32.0014161969998,83.32,1478377472,1474072576,15
32.21053847599978,83.86,1478369280,1474064384,15
32.41990583500001,84.28999999999999,1478369280,1474080768,15
32.63016774799962,84.71,1478369280,1474080768,15
32.84292675300003,85.2,1478455296,1474297856,15
33.05306007199988,85.69,1478377472,1474088960,15
33.262091379999674,86.12,1478377472,1474088960,15
33.4725805449998,86.55,1478377472,1474088960,15
33.68386158799967,86.99,1478377472,1474088960,15
33.89707997100004,87.44000000000001,1478389760,1474088960,15
34.111287094999625,87.86,1487994880,1483952128,15
34.320488743999704,88.28,1487994880,1483657216,15
34.53333817099974,88.72,1487994880,1483657216,15
34.74262709799996,89.13999999999999,1487994880,1483657216,15
34.95287414199993,89.57,1487994880,1483677696,15
35.162497957999676,90.0,1487994880,1483677696,15
35.37201781199974,90.43,1487994880,1483677696,15
35.58194327199999,90.84,1488863232,1484546048,15
35.79172246200005,91.26,1488863232,1484546048,15
36.0016152029998,91.69,1488863232,1484558336,15
36.21100952300003,92.12,1488863232,1484558336,15
36.42212324399998,92.54,1488863232,1484558336,15
36.63204929499989,92.97999999999999,1488863232,1484558336,15
36.84165865299974,93.4,1488863232,1484574720,15
37.05191352899965,93.83000000000001,1488863232,1484574720,15
37.2614132169997,94.25999999999999,1488863232,1484574720,15
37.47461390799981,94.67,1488994304,1484693504,15
37.68458401699991,95.09,1548464128,1536327680,15
37.89581276099989,95.53,1564569600,1560281088,15
38.11482248199991,96.05000000000001,1507835904,1503547392,15
38.33470290599962,96.5,1507835904,1503547392,15
38.547336863000055,96.99000000000001,1507835904,1503518720,15
38.75703305699972,97.41000000000001,1507835904,1503498240,15
38.96656306199975,97.85,1507835904,1503498240,15
39.179725114999655,98.35,1507835904,1503518720,15
39.39296721399978,98.8,1507835904,1503518720,15
39.60258585299971,99.23,1507835904,1503518720,15
39.81223687900001,99.66,1507835904,1503518720,15
40.023031377999814,100.19,1507835904,1503518720,15
40.232498165999914,100.62,1507835904,1503518720,15
40.44181859399987,101.03999999999999,1507835904,1503531008,15
40.654241077999814,101.48,1507835904,1503531008,15
40.86368957900004,102.01,1507835904,1503531008,15
41.07307815900003,102.44,1507835904,1503531008,15
41.28253136700005,102.87,1507835904,1503547392,15
41.49190934699982,103.42999999999999,1507835904,1503547392,15
41.701119858999846,103.86,1507835904,1503547392,15
41.915216725999926,104.31,1507835904,1503547392,15
42.12429741699998,104.73,1507835904,1503547392,15
42.333995723000044,105.16,1507835904,1503547392,15
42.544292072999724,105.59,1507835904,1503547392,15
42.76323305999995,106.1,1483522048,1479204864,15
42.98195969399967,106.55,1483522048,1479204864,15
43.19643365999991,106.99000000000001,1483558912,1479200768,21
43.405619634999766,107.43,1483603968,1479266304,15
43.61442983899997,107.86,1483603968,1479266304,15
43.82422770199992,108.29,1483603968,1479286784,15
44.034862621999764,108.8,1483603968,1479286784,15
44.24656955699993,109.24000000000001,1483603968,1479286784,15
44.45622421799999,109.67,1483603968,1479286784,15
44.66642825600002,110.17999999999999,1483603968,1479299072,15
44.87632195599963,110.62,1483603968,1479299072,15
45.08959120500003,111.05,1483603968,1479299072,15
45.303163821,111.5,1497628672,1493323776,15
45.51285320299985,111.99000000000001,1500991488,1496702976,15
45.72378407299993,112.42,1500991488,1496702976,15
45.93729826599974,112.86,1500991488,1496702976,15
46.15165675499975,113.30000000000001,1500991488,1496702976,15
46.36138099599975,113.89,1501102080,1496813568,15
46.571889462999934,114.33000000000001,1501102080,1496813568,15
46.78141917999983,114.75,1501102080,1496813568,15
46.99218631199983,115.19,1501102080,1496813568,15
47.202002054999866,115.61,1501102080,1496813568,15
47.41546265199986,116.06,1501102080,1496813568,15
47.62540500599971,116.48,1527455744,1515151360,15
47.84755586099982,117.01,1487114240,1482776576,15
48.06616476599993,117.46,1487114240,1482797056,15
48.289079051000044,117.91,1487114240,1482797056,15
48.50081105199979,118.38,1487134720,1482817536,15
48.712002717999894,118.81,1487134720,1482817536,15
48.92171796499997,119.22,1487134720,1482817536,15
49.131830720999915,119.72999999999999,1487134720,1482817536,15
49.34143676799977,120.16,1487134720,1482817536,15
49.552392874999896,120.6,1487134720,1482817536,15
49.76187332299969,121.11999999999999,1487134720,1482829824,15
49.97150784299993,121.55,1487134720,1482829824,15
50.18066028699968,121.97999999999999,1487134720,1482829824,15
50.39005930199983,122.4,1489866752,1482829824,15
50.59925918199997,122.92,1497841664,1493553152,15
50.80836436899972,123.35000000000001,1497841664,1493524480,15
51.01818928600005,123.77,1497841664,1493524480,15
51.231729003000055,124.22,1497841664,1493524480,15
51.44224630300005,124.78,1498021888,1493704704,15
51.651226931999645,125.21000000000001,1498021888,1493704704,15
51.8644701559997,125.64999999999999,1498021888,1493704704,15
52.07401553799991,126.08,1498021888,1493704704,15
52.28414543400004,126.50999999999999,1498021888,1493704704,15
52.494647433999944,126.96000000000001,1527824384,1523486720,15
52.70860859100003,127.43,1532551168,1528242176,15
52.91851293499985,127.87,1532551168,1528242176,15
53.13024842899995,128.29999999999998,1532551168,1528246272,15
53.33961861199987,128.73,1532551168,1528246272,15
53.549816874000044,129.15,1532551168,1528246272,15
53.759039799999755,129.59,1532551168,1528262656,15
53.9686338649999,130.0,1532559360,1528270848,15
54.17828538799995,130.43,1532559360,1528270848,15
54.38799530899996,130.87,1532559360,1528270848,15
54.5978725709997,131.29,1532559360,1528270848,15
54.80707905300005,131.73,1532559360,1528270848,15
55.01638495399993,132.14,1532559360,1528270848,15
55.22552350299975,132.55,1532559360,1528270848,15
55.434962384999835,132.98000000000002,1532559360,1528270848,15
55.64526473399974,133.37,1532559360,1528250368,15
55.854654025999935,133.8,1555619840,1551310848,15
56.06767037999998,134.24,1545003008,1540685824,15
56.286838925999746,134.73,1492127744,1487810560,15
56.5166837769998,135.25,1492127744,1487810560,15
56.74399873099992,135.72,1492127744,1487810560,15
56.95469873899992,136.17,1492131840,1487814656,15
57.165070851999644,136.62,1495478272,1491161088,15
57.37638329799984,137.06,1495478272,1491161088,15
57.586002691999965,137.48,1495478272,1491161088,15
57.79558056799988,138.0,1495793664,1491476480,15
58.00536820499974,138.42,1495793664,1491488768,15
58.215116312999726,138.86,1495793664,1491488768,15
58.42452394299971,139.37,1495793664,1491488768,15
58.63354145999983,139.79999999999998,1495793664,1491488768,15
58.843055784999706,140.23000000000002,1495793664,1491505152,15
59.052544404999935,140.66,1495793664,1491505152,15
59.265888746999735,141.11,1510014976,1505632256,30
59.47588382699996,141.6,1509826560,1505509376,15
59.68576734299995,142.03,1509826560,1505509376,15
59.89510938700005,142.45999999999998,1509826560,1505509376,15
60.106470504999834,142.9,1509826560,1505484800,15
60.316433726000014,143.52,1509818368,1505497088,15
60.536108842999965,143.97,1509818368,1505497088,15
60.74575361799998,144.39,1509818368,1505476608,15
60.9556119949998,144.83,1509818368,1505476608,15
61.169620185999975,145.26999999999998,1509818368,1505476608,15
61.38043442299977,145.70999999999998,1509818368,1505509376,15
61.59512851799991,146.14,1503010816,1540898816,15
61.90865906399995,146.83,1495818240,1491509248,15
62.17765410799984,147.4,1495818240,1491529728,15
62.40789142299991,147.87,1495818240,1491529728,15
62.62632304099998,148.32,1495818240,1491529728,15
62.838570182999774,148.77,1495818240,1491501056,15
63.048393631999716,149.2,1495818240,1491501056,15
63.25840320599991,149.63,1495818240,1491501056,15
63.467366433999814,150.13,1495818240,1491501056,15
63.676946701999896,150.56,1495818240,1491480576,15
63.88723542699972,150.98999999999998,1495818240,1491480576,15
64.096274344,151.47,1495818240,1491501056,15
64.30528142200001,151.93,1495818240,1491501056,15
64.51468139300005,152.36,1495818240,1491501056,15
64.72455027599972,152.79,1495818240,1491513344,15
64.93395437199979,153.22,1509842944,1505538048,15
65.14371868299986,153.73,1509842944,1505538048,15
65.3544967949997,154.17,1509842944,1505538048,15
65.56742752199989,154.60000000000002,1509842944,1505554432,15
65.77776819099972,155.03,1509842944,1505554432,15
65.98687783399964,155.61,1509842944,1505554432,15
66.19658294999999,156.04,1509842944,1505554432,15
66.40659371599986,156.47,1509842944,1505554432,15
66.61674002699965,156.89999999999998,1509842944,1505554432,15
66.82706213199981,157.33,1536327680,1525997568,15
67.1005105889999,157.86,1536335872,1532018688,15
67.35579338599973,158.47000000000003,1536335872,1532018688,15
67.5884636439996,158.94,1536335872,1531998208,15
67.80824877099985,159.39999999999998,1536335872,1531998208,15
68.01877068299973,159.85,1536401408,1532084224,15
68.23276241399981,160.28,1536401408,1532084224,15
68.44671535399993,160.73,1536401408,1532084224,15
68.6564328659997,161.24,1536401408,1532084224,15
68.86627508999982,161.67000000000002,1536401408,1532084224,15
69.07966805099977,162.10999999999999,1536401408,1532096512,15
69.29422279699975,162.56,1536434176,1532100608,24
69.508134273,163.08,1536401408,1532096512,15
69.72176610899987,163.51,1536401408,1532112896,15
69.93542002699996,163.96,1536401408,1532112896,15
70.14829913799986,164.48,1536401408,1532084224,15
70.3615974459999,164.93,1536401408,1532084224,15
70.57484688299974,165.38,1536401408,1532084224,15
70.78417551199982,165.8,1536401408,1532084224,15
70.99711779699965,166.42999999999998,1536393216,1532076032,15
71.20622006399981,166.85,1536393216,1532076032,15
71.41555048500004,167.28,1536393216,1532076032,15
71.6253146099998,167.71,1536393216,1532076032,15
71.83717913099963,168.14999999999998,1536393216,1532055552,15
72.04697870499967,168.58,1536393216,1532055552,15
72.25793991899991,169.01000000000002,1504882688,1540218880,15
72.46771851099993,169.47,1502711808,1498406912,15
72.67761195100002,169.89,1502711808,1498406912,15
72.88994753199995,170.32999999999998,1502711808,1498406912,15
73.10119966399998,170.76000000000002,1502711808,1498423296,15
73.31140676699988,171.2,1502711808,1498423296,15
73.52153425899996,171.62,1502711808,1498423296,15
73.73958943499974,172.08,1502711808,1498423296,15
73.9498670539997,172.51,1502711808,1498423296,15
74.15961867499982,172.93,1502711808,1498423296,15
74.36979060499971,173.35,1502711808,1498423296,15
74.57936203899999,173.79,1502711808,1498423296,15
74.7890125619997,174.21,1502711808,1498423296,15
74.99955358899979,174.65,1502711808,1498402816,15
75.2099351339998,175.06,1502711808,1498402816,15
75.41996422800003,175.49,1502711808,1498394624,15
75.62948436999977,175.91,1502711808,1498394624,15
75.8405891059997,176.32,1508274176,1503956992,15
76.05149853199964,176.75,1579245568,1574735872,15
76.26128199100003,177.17000000000002,1568436224,1564119040,15
76.47952459399994,177.70000000000002,1515560960,1511243776,15
76.69965585699993,178.18,1515560960,1511243776,15
76.94117860100005,178.66000000000003,1515560960,1511243776,15
77.16304795999986,179.13,1515560960,1511243776,15
77.37844812799995,179.57,1515560960,1511256064,15
77.58822345899989,180.0,1515560960,1511256064,15
77.79804186499996,180.43,1515560960,1511256064,15
78.00838085999976,180.85999999999999,1515560960,1511256064,15
78.2185493539996,181.31,1515560960,1511272448,15
78.42874483699961,181.79,1515560960,1511243776,15
78.6389393999998,182.23,1515560960,1511243776,15
78.84853147499962,182.66,1515560960,1511243776,15
79.05772283099986,183.16,1515552768,1511235584,15
79.26751020999973,183.6,1515552768,1511235584,15
79.47991726700002,184.03,1515552768,1511235584,15
79.69195432199967,184.52,1515560960,1511309312,15
79.90120346499998,184.98000000000002,1515560960,1511243776,15
80.11073760199997,185.41,1515560960,1511243776,15
80.32167587599997,185.84,1515560960,1511223296,15
80.53446070699965,186.28,1515626496,1511260160,25
80.74454833899972,186.79000000000002,1515560960,1511256064,15
80.953906491,187.21,1515560960,1511256064,15
81.1673649129998,187.65,1515560960,1511256064,15
81.3805486909996,188.1,1515560960,1511272448,15
81.59428034499979,188.55,1543299072,1539010560,15
81.86026150599992,189.17000000000002,1543331840,1539014656,15
82.07608850199995,189.6,1543331840,1538404352,15
82.297332353,190.06,1543331840,1539014656,15
82.53692338999963,190.55,1543331840,1539014656,15
82.76800760699962,191.01999999999998,1543331840,1539014656,15
82.98563406499989,191.47,1543335936,1539178496,15
83.19912785499992,191.89999999999998,1543331840,1538994176,15
83.40972948699982,192.32,1543331840,1538994176,15
83.62418284899968,192.78,1543512064,1539162112,29
83.83504474199981,193.26,1543331840,1539026944,15
84.04903670299973,193.71,1543331840,1539026944,15
84.2601531399996,194.14000000000001,1543331840,1539026944,15
84.47039678600004,194.65,1543331840,1539026944,15
84.68043292899983,195.07999999999998,1543331840,1539043328,15
84.89359508799998,195.51999999999998,1543331840,1539043328,15
85.10673412699998,196.01,1543331840,1539014656,15
85.31807364499991,196.48,1543331840,1539014656,15
85.53093226099963,196.92000000000002,1543331840,1539014656,15
85.74110630099995,197.35,1543331840,1539014656,15
85.95190224899989,197.78,1543331840,1539014656,15
86.16208932899963,198.37,1543331840,1539014656,15
86.37238701599972,198.79999999999998,1543331840,1539014656,15
86.58314468599974,199.24,1543331840,1538994176,15
86.79704250899977,199.67,1543331840,1538994176,15
87.010704627,200.12,1543331840,1539014656,15
87.23215785599996,200.64000000000001,1502834688,1498529792,15
87.45139966299985,201.1,1502834688,1498529792,15
87.69356600999981,201.59,1502834688,1498529792,15
87.92032593799968,202.06,1502834688,1498546176,15
88.14385079899967,202.51000000000002,1502834688,1498546176,15
88.36596303299984,202.97,1502834688,1498546176,15
88.58335430099987,203.42,1502834688,1498517504,15
88.79698975799965,203.83999999999997,1502826496,1498509312,15
89.0105279989998,204.28,1502826496,1498509312,15
89.22465392499998,204.72,1510821888,1506504704,15
89.43857204899996,205.24,1510830080,1506512896,15
89.64946062599984,205.66,1510830080,1506512896,15
89.86320781199993,206.11,1510830080,1506492416,15
90.07279163299972,206.63,1510830080,1506492416,15
90.28279950199976,207.06,1510830080,1506492416,15
90.49501155899998,207.5,1510830080,1506512896,15
90.7054760029996,207.92,1510830080,1506525184,15
90.9188532549997,208.46,1513541632,1509236736,15
91.13232976299969,208.89999999999998,1513541632,1509236736,15
91.34618227800001,209.33,1513541632,1509253120,15
91.55841301299961,209.78,1513541632,1509253120,15
91.76789129899998,210.34,1513541632,1509253120,15
91.97881779399995,210.78,1513541632,1509253120,15
92.19126437499972,211.21,1513541632,1509253120,15
92.40458244399997,211.65,1513541632,1509253120,15
92.6180061529999,212.08,1513541632,1509253120,15
92.83142266100003,212.53,1523937280,1519648768,15
93.04448985199997,212.97,1502834688,1498517504,15
93.25383633499996,213.43,1502826496,1498509312,15
93.46410287599974,213.85999999999999,1502826496,1498488832,15
93.67457044999992,214.3,1502826496,1498488832,15
93.88553524300005,214.73,1502826496,1498509312,15
94.09521397699973,215.16,1502826496,1498509312,15
94.30602302499983,215.58,1502826496,1498509312,15
94.51661036899986,216.01,1502826496,1498509312,15
94.72681400600004,216.42999999999998,1502826496,1498509312,15
94.9372507019998,216.86,1502826496,1498509312,15
95.14927576299988,217.3,1502826496,1498521600,15
95.36037286500004,217.72,1508388864,1504083968,15
95.5704551079998,218.14999999999998,1508388864,1504083968,15
95.77991257399981,218.58,1508388864,1504100352,15
95.989360691,219.01,1508388864,1504100352,15
96.19881948399961,219.43,1508388864,1504100352,15
96.40890289899971,219.84,1524695040,1520406528,15
96.62259681999967,220.29000000000002,1542520832,1538232320,15
96.83308223599988,220.70000000000002,1585299456,1581010944,15
97.0689625089999,221.31,1521356800,1517068288,15
97.29340991199979,221.76999999999998,1521364992,1517068288,15
97.52022934599972,222.24,1521364992,1517076480,15
97.75429015700001,222.69,1521364992,1517076480,15
98.01706520499965,223.25,1521364992,1517056000,15
98.23892324600001,223.7,1521364992,1517076480,15
98.49457304499992,224.23000000000002,1521364992,1517076480,15
98.74533869299967,224.74,1521364992,1517076480,15
98.98268327400001,225.23000000000002,1521364992,1517047808,15
99.19233783699974,225.66,1521364992,1517047808,15
99.40206986099975,226.07999999999998,1521364992,1517047808,15
99.61169788999996,226.6,1521373184,1517056000,15
99.82139485199968,227.03,1521373184,1517056000,15
100.0357639609997,227.47,1521373184,1517056000,15
100.24555300199972,228.0,1521373184,1517056000,15
100.45630961400002,228.43,1521373184,1517056000,15
100.66622158699965,228.85999999999999,1521373184,1517056000,15
100.8765136029997,229.29999999999998,1521373184,1517068288,15
101.08584244799977,229.82000000000002,1521373184,1517068288,15
101.29653622899968,230.25,1521373184,1517068288,15
101.50725298599991,230.68,1521373184,1517068288,15
101.71814162099963,231.11,1521373184,1517084672,15
101.92978116799986,231.7,1521364992,1517076480,15
102.13956832299982,232.13,1521364992,1517076480,15
102.35059602799993,232.57,1521364992,1517076480,15
102.55992996999976,232.99,1521364992,1517076480,15
102.76973806699971,233.42,1521364992,1517076480,15
102.98012232199972,233.85,1521364992,1517076480,15
103.21713013399994,234.44,1543417856,1539100672,15
103.42918658899998,234.87,1543417856,1539100672,15
103.64495073299986,235.31,1543417856,1539080192,15
103.91396198899974,235.83,1543417856,1539080192,15
104.14365630799966,236.34,1543417856,1539100672,15
104.35698097399973,236.78,1543417856,1539100672,15
104.56864590499981,237.19,1543426048,1539108864,15
104.77878654799997,237.6,1543426048,1539108864,15
104.98919827400005,238.03,1543426048,1539108864,15
105.19923113999994,238.45999999999998,1543426048,1539121152,15
105.40924236299998,238.95,1543426048,1539121152,15
105.620287534,239.38,1543426048,1539121152,15
105.8302665389997,239.81,1543426048,1539121152,15
106.03990856499968,240.32,1543434240,1539117056,15
106.250052633,240.75,1543434240,1539117056,15
106.4636072559997,241.2,1543434240,1539117056,15
106.67331722499966,241.63,1543434240,1539117056,15
106.88335205699968,242.16,1543426048,1539108864,15
107.09317990299996,242.58,1543426048,1539108864,15
107.30338734499992,243.01,1543426048,1539108864,15
107.5138930029998,243.44,1543426048,1539108864,15
107.72478236300003,244.05,1543426048,1539108864,15
107.9357356999999,244.48000000000002,1543426048,1539088384,15
108.14566918899982,244.91,1543426048,1539117056,15
108.35535263099973,245.34,1543426048,1539121152,15
108.5648121029999,245.77,1543426048,1539121152,15
108.77509333399985,246.2,1543426048,1539121152,15
108.98475633299995,246.62,1552330752,1548042240,15
109.19863967299989,247.13,1521537024,1517219840,15
109.41304407899997,247.57,1521537024,1517219840,15
109.69299983799965,248.10000000000002,1521537024,1517219840,15
109.96204223299992,248.69,1521537024,1517219840,15
110.229016881,249.26,1521537024,1517219840,15
110.45920409899963,249.73000000000002,1521537024,1517219840,15
110.69571096699974,250.22,1521537024,1517219840,15
110.90489662699974,250.62,1521537024,1517199360,15
111.11826722999967,251.06,1521537024,1517228032,15
111.32788481499983,251.49,1521537024,1517228032,15
111.53792036599998,252.0,1521537024,1517232128,15
111.74740219199975,252.43,1521537024,1517232128,15
111.96066352499975,252.86,1521537024,1517248512,15
112.17208313699985,253.38,1521528832,1517211648,15
112.38221092699996,253.81,1521528832,1517211648,15
112.59140390799985,254.23999999999998,1521528832,1517211648,15
112.80197390499961,254.67000000000002,1521528832,1517211648,15
113.01155432899986,255.18,1521537024,1517219840,15
113.22114184499969,255.63,1521537024,1517219840,15
113.4304251829999,256.07,1521537024,1517219840,15
113.64013988999977,256.49,1521537024,1517219840,15
113.85000069199987,256.92,1521537024,1517219840,15
114.06143279299977,257.53,1521545216,1517207552,15
114.27103892699961,257.97,1521545216,1517236224,15
114.48847197699979,258.41,1521545216,1517240320,15
114.70182369599979,258.84999999999997,1521545216,1517240320,15
114.91098058299985,259.29,1521545216,1517240320,15
115.12094849200002,259.7,1528979456,1519779840,15
115.33055911199972,260.14,1502965760,1498648576,15
115.5410132889997,260.62,1503952896,1499635712,15
115.75523357999964,261.06,1503952896,1499635712,15
115.96469141299985,261.47,1503952896,1499635712,15
116.17468718800001,261.91999999999996,1503952896,1499635712,15
116.38840697899968,262.35,1503952896,1499635712,15
116.60081457299975,262.79,1503952896,1499635712,15
116.81506589999981,263.22,1503952896,1499635712,15
117.02846792199989,263.65,1503952896,1499615232,15
117.24225599600004,264.09,1509515264,1505206272,15
117.45194205799999,264.52,1515204608,1510899712,15
117.66292735299976,264.95,1515204608,1510899712,15
117.87394670399999,265.37,1515204608,1510899712,15
118.08359687699976,265.8,1520898048,1516593152,15
118.2929281429997,266.22,1520898048,1516609536,15
118.50281981499984,266.63,1523744768,1519456256,15
118.71373542999982,267.06,1581060096,1576771584,15
118.92425513799981,267.49,1581060096,1576771584,15
119.14317928299988,268.04,1537040384,1532751872,15
119.3639870269999,268.52,1537040384,1532751872,15
119.58772326400003,268.96999999999997,1537040384,1532751872,15
119.80538217799995,269.42,1537040384,1532751872,15
120.019847863,269.86,1537040384,1532751872,15
120.24741198499987,270.32,1537040384,1532731392,15
120.46619977399996,270.77,1537040384,1532731392,15
120.69716058599988,271.24,1537040384,1532723200,15
120.98079270599965,271.82,1537040384,1532723200,15
121.19896629000004,272.28000000000003,1537040384,1532723200,15
121.40888856799984,272.67,1537040384,1532723200,15
121.6185086999999,273.09999999999997,1537040384,1532723200,15
121.82892563299993,273.53,1537040384,1532723200,15
122.04206302700004,274.05,1537040384,1532723200,15
122.25185392100002,274.49,1537040384,1532723200,15
122.46170067499997,274.92,1537040384,1532723200,15
122.67105133099994,275.42,1537040384,1532735488,15
122.88104290299998,275.86,1537040384,1532735488,15
123.09098801999971,276.31,1537040384,1532735488,15
123.30051577299992,276.72,1537040384,1532735488,15
123.51059999499967,277.16,1537040384,1532751872,15
123.72101194599963,277.68,1537040384,1532723200,15
123.9313220289996,278.11,1537040384,1532723200,15
124.14227493999988,278.53000000000003,1537040384,1532723200,15
124.3519213909999,278.97,1537040384,1532723200,15
124.56200980899985,279.58000000000004,1537040384,1532723200,15
124.77437932299972,280.02000000000004,1537040384,1532723200,15
124.9851914689998,280.45,1537040384,1532723200,15
125.20553340900005,280.91,1537040384,1532723200,15
125.41712827499987,281.34,1537040384,1532702720,15
125.62746147899998,281.76,1546375168,1539166208,15
125.84132862599972,282.29,1504043008,1499738112,15
126.06030606900003,282.74,1504043008,1499738112,15
126.28983993099973,283.2,1504043008,1499738112,15
126.52337599199973,283.68,1504043008,1499754496,15
126.75330109900005,284.15,1504047104,1499758592,15
126.97391507899965,284.6,1504047104,1499758592,15
127.19248601899972,285.05,1504047104,1499758592,15
127.42974936699966,285.53,1504047104,1499758592,15
127.66572870399978,286.01,1504047104,1499758592,15
127.94433495699968,286.59000000000003,1504047104,1499758592,15
128.16336631099966,287.04,1504047104,1499729920,15
128.37253432999978,287.42,1504047104,1499709440,15
128.58251393699993,287.85999999999996,1504047104,1499709440,15
128.79165526499992,288.28999999999996,1504047104,1499709440,15
129.00158884799976,288.71000000000004,1512042496,1507725312,15
129.2114041269997,289.21,1512034304,1507717120,15
129.42095456199968,289.63,1512034304,1507717120,15
129.63202489800005,290.07000000000005,1512034304,1507717120,15
129.84205854099991,290.58,1512042496,1507725312,15
130.05133277899995,291.02,1512042496,1507725312,15
130.26081394999983,291.42999999999995,1512042496,1507737600,15
130.47097652799994,291.88,1512042496,1507737600,15
130.68113126399976,292.3,1536430080,1532125184,15
130.89219826399994,292.79999999999995,1536430080,1532125184,15
131.102731811,293.23,1536430080,1532141568,15
131.3129567019996,293.66,1536430080,1532141568,15
131.52303841799994,294.1,1536430080,1532141568,15
131.73427541,294.65999999999997,1536430080,1532141568,15
131.94674385300004,295.09999999999997,1536430080,1532141568,15
132.1599737229999,295.53000000000003,1536430080,1532141568,15
132.37365375199988,295.97,1536430080,1532141568,15
132.58704415299962,296.40999999999997,1536430080,1532141568,15
132.7998152719997,296.95,1536438272,1532121088,15
133.02904665100004,297.40999999999997,1536438272,1532100608,15
133.26697065999997,297.91,1536438272,1532100608,15
133.5742519559999,298.54,1536438272,1532121088,15
133.81049098099993,299.03,1536438272,1532121088,15
134.04542345699974,299.51000000000005,1536438272,1532121088,15
134.2781004829999,299.98,1536438272,1532121088,15
134.49371197499977,300.43,1536438272,1532121088,15
134.72662097099965,300.9,1536438272,1532141568,15
134.95139552199998,301.36,1536438272,1532133376,15
135.18141487799994,301.83,1536438272,1532133376,15
135.39232546999983,302.27000000000004,1536438272,1532133376,15
135.60303567499977,302.66,1536438272,1532149760,15
135.81383412199966,303.09,1536438272,1532149760,15
136.02423180100004,303.52,1536438272,1532149760,15
136.23389463700005,304.01000000000005,1536438272,1532121088,15
136.44437754299997,304.44,1536438272,1532121088,15
136.65405626799975,304.87,1536438272,1532121088,15
136.86719001999973,305.39000000000004,1536438272,1532121088,15
137.08014305999995,305.84000000000003,1536438272,1532121088,15
137.29053862499995,306.27,1536438272,1532121088,15
137.50059346699982,306.7,1536438272,1532121088,15
137.71347312699982,307.21000000000004,1536446464,1532108800,15
137.92340282899977,307.65999999999997,1536446464,1532108800,15
138.13301410299982,308.08,1536446464,1532141568,15
138.34264608199965,308.52,1536446464,1532141568,15
138.5536737149996,308.94,1536512000,1532149760,25
138.76329151299979,309.5,1536438272,1532133376,15
138.9730136889998,309.91999999999996,1536438272,1532149760,15
139.18639294099967,310.36,1536438272,1532149760,15
139.39580338099995,310.79,1536438272,1532149760,15
139.60549993299992,311.22,1536438272,1532149760,15
139.81519695099996,311.69,1536630784,1532313600,15
140.0254745029997,312.11,1536630784,1532313600,15
140.2357852709997,312.54999999999995,1536630784,1532313600,15
140.4459419259997,312.97,1536630784,1532313600,15
140.656072237,313.41,1536630784,1532313600,15
140.866520907,313.84000000000003,1536630784,1532293120,15
141.07956515899969,314.28,1536630784,1527259136,15
141.2938040719996,314.68,1536630784,1511882752,15
141.5033940369999,315.12,1536630784,1532313600,15
141.71297567600004,315.55,1536630784,1532325888,15
141.92508730300005,315.97,1536630784,1532325888,15
142.1359577979997,316.41,1536630784,1532325888,15
142.348217923,316.83,1536630784,1532325888,15
142.55792098499978,317.26,1536630784,1532342272,15
142.7676099299997,317.69000000000005,1536630784,1532342272,15
142.97787829799972,318.09000000000003,1536630784,1532342272,15
143.18794120199982,318.52,1624465408,1615171584,15
143.39885912599993,318.95,1595588608,1591300096,15
143.62239943299983,319.53999999999996,1543614464,1539325952,15
143.84386890999986,320.0,1543614464,1539325952,15
144.060717672,320.45,1543614464,1539325952,15
144.28336356199998,320.91,1543614464,1539325952,15
144.50163566899982,321.34999999999997,1543614464,1539305472,15
144.72578565100002,321.79999999999995,1543614464,1539305472,15
144.94755902499992,322.27000000000004,1543614464,1539301376,15
145.21701045700001,322.81,1543614464,1539325952,15
145.4361152499996,323.27,1543614464,1539325952,15
145.65460540599997,323.71,1543614464,1539325952,15
145.87118773199973,324.16,1543614464,1539325952,15
146.09268485999974,324.61,1543614464,1539325952,15
146.30744970099977,325.05,1543614464,1539325952,15
146.5223779189996,325.49,1543614464,1539325952,15
146.73290357099995,325.87,1543614464,1539297280,15
146.94274037599962,326.3,1543614464,1539297280,15
147.15258033500004,326.72,1543614464,1539297280,15
147.36203781199993,327.21,1543614464,1539297280,15
147.5712906259996,327.66,1543614464,1539297280,15
147.78051891299992,328.08,1543614464,1539297280,15
147.98974219299998,328.57,1543614464,1539297280,15
148.19959355899982,329.04,1543614464,1539297280,15
148.40949056399995,329.46999999999997,1543614464,1539297280,15
148.61905843299974,329.9,1543614464,1539309568,15
148.82883427099978,330.39,1543614464,1539309568,15
149.038528089,330.86,1543614464,1539309568,15
149.24920328200005,331.29,1543614464,1539309568,15
149.46336990700001,331.72999999999996,1543614464,1539325952,15
149.67966269599992,332.3,1543778304,1539563520,21
149.88920916300003,332.79,1543614464,1539325952,15
150.0985366189998,333.21999999999997,1543614464,1539325952,15
150.30813095899975,333.65,1543614464,1539325952,15
150.51739922599972,334.07000000000005,1543614464,1539325952,15
150.72700198699977,334.51,1543614464,1539325952,15
150.93702920399983,334.96000000000004,1522888704,1518571520,15
151.159236211,335.49,1522888704,1518571520,15
151.39358613099967,335.97,1522888704,1518551040,15
151.6407805429999,336.47999999999996,1522888704,1518551040,15
151.86113233599963,336.93,1522888704,1518571520,15
152.08043124000005,337.38,1522888704,1518571520,15
152.34859435099997,337.91,1522888704,1518571520,15
152.56661340699975,338.38,1522888704,1518571520,15
152.78067029099975,338.82,1522888704,1518571520,15
153.0033576579999,339.27,1522888704,1518583808,15
153.21328632099994,339.69,1522909184,1518604288,15
153.42264817899968,340.08,1522909184,1518604288,15
153.63196648199983,340.5,1522909184,1518604288,15
153.84110359199985,340.93,1522909184,1518620672,15
154.05082313999992,341.42,1522909184,1518592000,15
154.26101441799983,341.85,1522909184,1518592000,15
154.47463906099983,342.3,1522909184,1518592000,15
154.68791806299987,342.82,1522909184,1518592000,15
154.89789928499977,343.25,1522909184,1518592000,15
155.1074353959998,343.68,1522909184,1518592000,15
155.3186218339997,344.12,1522909184,1518592000,15
155.52805625199971,344.65000000000003,1529192448,1524875264,15
155.73788264999985,345.08000000000004,1529192448,1524854784,15
155.950902907,345.52,1529192448,1524883456,15
156.16071564000003,345.95,1529192448,1524887552,15
156.37092121599972,346.59000000000003,1529184256,1524879360,15
156.5814165329998,347.01000000000005,1529184256,1524879360,15
156.79775264399996,347.46,1529184256,1524895744,15
157.00723359799986,347.89,1529184256,1524895744,15
157.21826054699977,348.32,1529184256,1524895744,15
157.4279535759997,348.76,1549312000,1545023488,15
157.65594041199984,349.28,1522933760,1518616576,15
157.99399380899968,349.99,1522933760,1518616576,15
158.2275023559996,350.46000000000004,1522933760,1518616576,15
158.46901525199974,350.96000000000004,1522933760,1518616576,15
158.7020078569999,351.43,1522933760,1518596096,15
158.92083797199984,351.88,1522933760,1518596096,15
159.320509958,352.64,1522933760,1518616576,15
159.60092168499978,353.27,1522933760,1518628864,15
159.872539985,353.84,1522933760,1518628864,15
160.0995220609998,354.31,1522933760,1518628864,15
160.31587446699996,354.7,1522937856,1518632960,15
160.52812928599997,355.12,1522946048,1518657536,15
160.73784646199965,355.54999999999995,1522946048,1518657536,15
160.9506634889999,355.99,1522946048,1518657536,15
161.16052862699962,356.49,1522946048,1518628864,15
161.37039495699992,356.91999999999996,1522946048,1518628864,15
161.5799356159996,357.35,1522946048,1518628864,15
161.7939617359998,357.89,1522946048,1518628864,15
162.00391642399973,358.32000000000005,1522946048,1518628864,15
162.21337536500005,358.75,1522946048,1518628864,15
162.42275774999962,359.18,1522946048,1518608384,15
162.6322574779997,359.71,1525469184,1521131520,15
162.84218269599978,360.13,1525469184,1521152000,15
163.051630596,360.57,1525469184,1521164288,15
163.26105014799987,360.99,1525469184,1521164288,15
163.4705886329998,361.58,1529229312,1524924416,15
163.68038391599976,362.02,1529229312,1524924416,15
163.89016040099978,362.45000000000005,1529229312,1524940800,15
164.101040344,362.89,1529229312,1524940800,15
164.31108230899963,363.32,1529229312,1524940800,15
164.5206386709997,363.75,1529229312,1524940800,15
164.73038810299977,364.18,1529229312,1524940800,15
164.9407043299998,364.61,1566552064,1562263552,15
165.15360410499989,365.06,1511030784,1506586624,34
165.36510635399964,365.49,1510752256,1506435072,15
165.57536724700003,365.92,1510752256,1506435072,15
165.78835649199982,366.36,1510752256,1506414592,15
165.99950928399994,366.78999999999996,1510752256,1506414592,15
166.2127812949998,367.22,1510752256,1506414592,15
166.42680565,367.66,1510752256,1506435072,15
166.6360227299997,368.07,1510752256,1506435072,15
166.84615266599985,368.49,1512964096,1507225600,15
167.05591086100003,368.93,1524350976,1520046080,15
167.26549591599996,369.34,1527197696,1522892800,15
167.47556804399983,369.78000000000003,1527197696,1522892800,15
167.6855990199997,370.19,1527197696,1522892800,15
167.89631655199992,370.63,1530044416,1525755904,15
168.10628980599995,371.06,1535737856,1531449344,15
168.31704280099984,371.46,1535737856,1531449344,15
168.52737816599983,371.9,1604435968,1600147456,15
168.73829962499985,372.32,1604435968,1600147456,15
168.94900762199995,372.83000000000004,1504632832,1500344320,15
169.18631896899979,373.38,1504632832,1500344320,15
169.4365401369996,373.9,1504632832,1500344320,15
169.66112398699988,374.34999999999997,1504632832,1500344320,15
169.8925671249999,374.83,1504632832,1500323840,15
170.13913152199984,375.33000000000004,1504632832,1500323840,15
170.361037957,375.79,1504632832,1500344320,15
170.5884962089999,376.25,1504632832,1500344320,15
170.81158601199968,376.71999999999997,1504632832,1500344320,15
171.03161322899996,377.16,1504632832,1500344320,15
171.2605510809999,377.63,1504632832,1500344320,15
171.48177788199973,378.07,1504632832,1500344320,15
171.69866162599965,378.52,1504632832,1500344320,15
171.94551576999993,379.02,1504632832,1500344320,15
172.1784025439997,379.5,1504632832,1500344320,15
172.41777829199964,379.99,1504632832,1500344320,15
172.76760136699977,380.71,1504632832,1500344320,15
173.02826599699983,381.26,1504632832,1500344320,15
173.25869806899982,381.72,1504632832,1500344320,15
173.47683407799968,382.16,1504632832,1500344320,15
173.6968003349998,382.61,1504632832,1500315648,15
173.906258771,382.98,1504632832,1500315648,15
174.11555304399963,383.40999999999997,1504632832,1500315648,15
174.32506159099967,383.83,1515118592,1510801408,15
174.5344076219999,384.35,1515118592,1510801408,15
174.74386417100004,384.77,1515118592,1510801408,15
174.95368791199962,385.21,1515282432,1510965248,15
175.16411608999988,385.73,1515290624,1510973440,15
175.37350996299983,386.15,1515290624,1510973440,15
175.5842122439999,386.59,1515290624,1510973440,15
175.795534504,387.03000000000003,1532821504,1528516608,15
176.0062970959998,387.55,1532813312,1528508416,15
176.21658275299978,387.98,1532813312,1528508416,15
176.42663619099994,388.41,1532813312,1528524800,15
176.63911182999982,388.94,1533026304,1528766464,27
176.84942379099994,389.42,1532813312,1528524800,15
177.0591448629998,389.84999999999997,1532813312,1528524800,15
177.26842713399992,390.28,1532813312,1528524800,15
177.4781375839998,390.71,1532813312,1528524800,15
177.68807112099967,391.14000000000004,1532813312,1528524800,15
177.89766273299983,391.58,1509941248,1505652736,15
178.111095794,392.08000000000004,1509949440,1505632256,15
178.32714486799978,392.52000000000004,1509949440,1505632256,15
178.5417169809998,392.96000000000004,1509949440,1505611776,15
178.76186553399975,393.40999999999997,1509949440,1505607680,15
178.988024279,393.88,1509949440,1505632256,15
179.21188949299994,394.34000000000003,1509949440,1505632256,15
179.4300412749999,394.78000000000003,1509949440,1505632256,15
179.657323249,395.25,1509949440,1505632256,15
179.88916490799966,395.72999999999996,1509949440,1505632256,15
180.12093727599995,396.2,1509949440,1505644544,15
180.3602058639999,396.7,1509949440,1505644544,15
180.58349638399977,397.14,1509949440,1505644544,15
180.81653777099973,397.62,1509949440,1505660928,15
181.0390374389999,398.08,1509949440,1505660928,15
181.25600781899993,398.53000000000003,1509949440,1505660928,15
181.4714758299997,398.97,1509949440,1505660928,15
181.68124250899973,399.39,1509949440,1505632256,15
181.894674657,399.78,1509949440,1505632256,15
182.10478549399977,400.2,1509949440,1505632256,15
182.31461028499962,400.64,1515126784,1510789120,15
182.5238326169997,401.13,1515290624,1510952960,15
182.73422597499984,401.56,1515290624,1510973440,15
182.94643216899976,402.0,1515290624,1510973440,15
183.1563203859996,402.52,1515290624,1510973440,15
183.36568058199964,402.95,1515290624,1510973440,15
183.57563774699975,403.38,1515290624,1510973440,15
183.78571842899964,403.80999999999995,1532821504,1528516608,15
183.99600057899988,404.33,1547640832,1543335936,15
184.20803157499995,404.75,1547640832,1543335936,15
184.41780311499997,405.16,1547640832,1543352320,15
184.62787103699975,405.61,1547640832,1543352320,15
184.83723073700003,406.15999999999997,1547640832,1543352320,15
185.04728835399965,406.62,1547640832,1543352320,15
185.25689655799988,407.04,1547640832,1543352320,15
185.4665069409998,407.47,1547640832,1543352320,15
185.676393189,407.9,1547640832,1543352320,15
185.89368137899964,408.44,1504669696,1500352512,15
186.1308155439997,408.91999999999996,1504669696,1500352512,15
186.35560827799964,409.38000000000005,1504669696,1500352512,15
186.5810989749998,409.84000000000003,1504669696,1500332032,15
186.80233160399985,410.3,1504669696,1500332032,15
187.01742109399993,410.73999999999995,1504669696,1500352512,15
187.23607189199993,411.19000000000005,1504669696,1500352512,15
187.46963890100005,411.67,1504669696,1500352512,15
187.69711930699987,412.11,1504669696,1500352512,15
187.92121383899985,412.59,1504669696,1500364800,15
188.14112664899994,413.03999999999996,1504669696,1500364800,15
188.35831249900002,413.48,1504669696,1500364800,15
188.58104214399964,413.94,1504669696,1500364800,15
188.80833323999968,414.40999999999997,1504669696,1500381184,15
189.03579808799986,414.84999999999997,1504669696,1500381184,15
189.27105665199997,415.34999999999997,1504669696,1500381184,15
189.48493255899984,415.79,1504677888,1500360704,15
189.69398281799977,416.15000000000003,1504677888,1500360704,15
189.9031257769998,416.58,1504677888,1500360704,15
190.11218283699964,417.01,1504677888,1500360704,15
190.32189907999964,417.51,1515319296,1511002112,15
190.53158425599986,417.94,1515319296,1510981632,15
190.74261120499978,418.37,1515319296,1510981632,15
190.95551339899976,418.82000000000005,1515507712,1511112704,29
191.16541254799995,419.3,1515319296,1511002112,15
191.37489804799998,419.75,1515319296,1511002112,15
191.58401750199982,420.15999999999997,1515319296,1511014400,15
191.7942091359996,420.65000000000003,1532870656,1528598528,16
192.00418982799965,421.12,1532858368,1528553472,15
192.21378206400004,421.53999999999996,1532858368,1528553472,15
192.42314902099997,421.97,1532858368,1528569856,15
192.6515865839997,422.57,1533067264,1528811520,15
192.86112206500002,423.05,1532858368,1528569856,15
193.0702503509997,423.47999999999996,1532858368,1528569856,15
193.284374242,423.90999999999997,1532858368,1528569856,15
193.4979045539999,424.35,1532858368,1528569856,15
193.71184478299983,424.8,1532858368,1528569856,15
193.9213931879999,425.23,1525911552,1521594368,15
194.1307724129997,425.70000000000005,1526231040,1521913856,15
194.34219440199968,426.13,1526231040,1521893376,15
194.552980337,426.56,1526231040,1521893376,15
194.76653827999962,427.01,1526231040,1521913856,15
194.97918485899982,427.45,1526231040,1521913856,15
195.18929436500002,427.87,1526231040,1521913856,15
195.40274021899995,428.32,1526231040,1521913856,15
195.6161455319998,428.74,1526231040,1521913856,15
195.82582796399993,429.16,1526231040,1521913856,15
196.03582427899983,429.6,1527468032,1523163136,15
196.2456676439997,430.01,1527468032,1523163136,15
196.45578671399971,430.44,1531990016,1527685120,15
196.6656283059997,430.87,1538015232,1533710336,15
196.87588844799984,431.29,1538015232,1533726720,15
197.08549105999964,431.72,1544044544,1539756032,15
197.29500368599975,432.12,1544044544,1539756032,15
197.50510485899986,432.55,1596755968,1591787520,15
197.71599009299962,432.97,1596076032,1591787520,15
197.92698768699984,433.40999999999997,1516810240,1563807744,15
198.14790314899983,433.99,1516945408,1512656896,15
198.37998399799972,434.46999999999997,1516945408,1512656896,15
198.61620520799988,434.95,1516945408,1512656896,15
198.84426924299987,435.42,1516945408,1512636416,15
199.0741244789997,435.89000000000004,1516945408,1512636416,15
199.30995218499993,436.37,1516945408,1512656896,15
199.54939640199973,436.85999999999996,1516945408,1512656896,15
199.79925077899998,437.35,1516945408,1512656896,15
200.02051784099967,437.83,1516945408,1512656896,15
200.23525063399984,438.27,1516945408,1512656896,15
200.44914889999973,438.7,1516945408,1512656896,15
200.66414808499985,439.14,1516945408,1512656896,15
200.96496414800004,439.70000000000005,1516945408,1512656896,15
201.20351047199983,440.23,1516945408,1512656896,15
201.44173166599967,440.73,1516945408,1512656896,15
201.65693335599963,441.17,1516945408,1512656896,15
201.88822950299982,441.65,1516945408,1512656896,15
202.1135012699997,442.11,1516945408,1512656896,15
202.33198327399987,442.55,1516945408,1512656896,15
202.54297657100005,442.99,1516945408,1512628224,15
202.75266756099973,443.34,1516945408,1512628224,15
202.96281813399992,443.77,1516945408,1512628224,15
203.1728338529997,444.19,1516945408,1512628224,15
203.3840543479996,444.71,1526235136,1521917952,15
203.59811491799974,445.15,1526235136,1521917952,15
203.807838962,445.58000000000004,1526235136,1521917952,15
204.0225720059998,446.07000000000005,1526235136,1522008064,15
204.23628071699977,446.54999999999995,1526235136,1521917952,15
204.44559079199962,446.97,1526235136,1521917952,15
204.65517016800004,447.41,1526235136,1521930240,15
204.86484423699994,447.84,1505132544,1500827648,15
205.07385464499976,448.36,1505132544,1500827648,15
205.283667142,448.79,1505132544,1500827648,15
205.49706899900002,449.23,1505132544,1500844032,15
205.70631983999965,449.74,1540845568,1536557056,32
205.9197955679997,450.22999999999996,1540612096,1536323584,15
206.13369533499963,450.66999999999996,1540612096,1536323584,15
206.34330122999972,451.1,1540612096,1536323584,15
206.55287380599975,451.52000000000004,1540612096,1536323584,15
206.76328511599968,451.95,1540612096,1536323584,15
206.97365617399964,452.40999999999997,1516429312,1512112128,15
207.2270098439999,452.97,1516429312,1512112128,15
207.45047704599983,453.44,1516429312,1512091648,15
207.66367899099987,453.88,1516429312,1512091648,15
207.88142027799995,454.32000000000005,1516429312,1512112128,15
208.1122803559997,454.79,1516429312,1512112128,15
208.339020506,455.25,1516429312,1512112128,15
208.58070847999988,455.76,1516429312,1512112128,15
208.79657381299967,456.2,1516429312,1512112128,15
209.01851302199975,456.65,1516429312,1512124416,15
209.28667759399968,457.20000000000005,1516429312,1512124416,15
209.637634057,457.92999999999995,1516429312,1512124416,15
209.85445943399964,458.38,1516429312,1512140800,15
210.11202831599985,458.83,1516429312,1512140800,15
210.344527835,459.38,1516429312,1512140800,15
210.57292664299985,459.84999999999997,1516429312,1512140800,15
210.808130419,460.32000000000005,1516429312,1512140800,15
211.03925428499997,460.79,1516429312,1512140800,15
211.27021690799984,461.27,1516429312,1512140800,15
211.49343121399988,461.72999999999996,1516429312,1512140800,15
211.7211315229997,462.19,1516429312,1512140800,15
211.95004041099992,462.66,1516429312,1512120320,15
212.1732132789998,463.13,1516429312,1512120320,15
212.40942685699974,463.61,1516429312,1512140800,15
212.63953730599997,464.08,1516429312,1512140800,15
212.8749611139997,464.56,1516429312,1512140800,15
213.08695088299964,465.0,1516429312,1512112128,15
213.29666524899994,465.34,1516429312,1512112128,15
213.50618386899987,465.76,1516429312,1512112128,15
213.71674539099968,466.2,1516429312,1512112128,15
213.92775552900002,466.64,1526300672,1521922048,24
214.1374965939999,467.13000000000005,1526235136,1521917952,15
214.3469225849999,467.56,1526235136,1521917952,15
214.55887587300003,468.01,1526235136,1521917952,17
214.76824438699987,468.52,1526226944,1521909760,15
214.97766912499992,468.95000000000005,1526226944,1521909760,15
215.1874288089998,469.38,1526226944,1521922048,15
215.39716337399977,469.82,1540603904,1536299008,15
215.60734778799997,470.33000000000004,1540612096,1536307200,15
215.81714819299987,470.76,1540612096,1536307200,15
216.02683275299978,471.19,1540612096,1536323584,15
216.24496079899973,471.74,1540857856,1536565248,32
216.45467891999988,472.24,1540612096,1536323584,15
216.66403826399983,472.65,1540612096,1536323584,15
216.87367617399968,473.08,1540612096,1536323584,15
217.08495712499962,473.51,1540612096,1536323584,15
217.2953504789998,473.96000000000004,1554784256,1550495744,15
217.52147255199998,474.5,1516429312,1512112128,15
217.74616060399967,474.95000000000005,1516429312,1512112128,15
217.98165168299965,475.43,1516429312,1512091648,15
218.20033347299977,475.88,1516429312,1512091648,15
218.4170557499997,476.33,1516429312,1512112128,15
218.63231856799985,476.77,1516429312,1512112128,15
218.84828855099977,477.22,1516429312,1512112128,15
219.0667549259997,477.66,1516429312,1512112128,15
219.281229275,478.09999999999997,1516429312,1512112128,15
219.494979608,478.53999999999996,1516429312,1512124416,15
219.70793238899978,478.96999999999997,1516429312,1512124416,15
219.92213787799983,479.41,1516429312,1512124416,15
220.137536489,479.85,1516429312,1512124416,15
220.35258011099995,480.29,1516429312,1512140800,15
220.59453967799982,480.78999999999996,1516429312,1512140800,15
220.89402394399985,481.37,1516429312,1512140800,15
221.15275676199963,481.92,1516429312,1512140800,15
221.36626268700002,482.37,1516429312,1512140800,15
221.5777652439997,482.8,1516429312,1512112128,15
221.78817260100004,483.15,1516429312,1512112128,15
221.99971179299973,483.59000000000003,1516429312,1512112128,15
222.21484247699982,484.04,1516429312,1512091648,15
222.42846369699964,484.55,1526226944,1521889280,15
222.63992437999968,484.99,1526226944,1521889280,15
222.8498513679997,485.42,1526226944,1521909760,15
223.06628635399966,485.89,1526407168,1522110464,16
223.27579930699994,486.36,1526235136,1521917952,15
223.4852098399997,486.78999999999996,1526235136,1521917952,15
223.69548381000004,487.21999999999997,1526235136,1521930240,15
223.90675073199964,487.65999999999997,1505193984,1500831744,23
224.1168252819998,488.15999999999997,1505132544,1500827648,15
224.3263820459997,488.59,1505132544,1500844032,15
224.53587637700002,489.01,1505132544,1500844032,15
224.75429456599977,489.52,1540853760,1536503808,32
224.96688829100003,490.07,1540612096,1536323584,15
225.1773546479999,490.49,1540612096,1536323584,15
225.38734249899971,490.93,1540612096,1536323584,15
225.59832251599983,491.36,1540612096,1536323584,15
225.80833895399974,491.79,1540612096,1536323584,15
226.01806805499973,492.23,1516429312,1512112128,15
226.22816083399994,492.7,1516494848,1512177664,15
226.43828352299988,493.12,1516494848,1512157184,15
226.64859271399973,493.54999999999995,1517875200,1513537536,15
226.85956458700002,493.99,1519296512,1514979328,15
227.069216031,494.41,1519296512,1514979328,15
227.28206481400002,494.86,1520721920,1516404736,15
227.49278466799979,495.28999999999996,1520721920,1516404736,15
227.70275129599986,495.71,1520721920,1516404736,15
227.91314581999995,496.13,1533530112,1529212928,15
228.12337414399963,496.57,1533530112,1529225216,15
228.33309257899964,497.0,1539219456,1534914560,15
228.54323478199967,497.43,1539219456,1534914560,15
228.7532458159999,497.84,1542066176,1537761280,15
228.9641772949999,498.28000000000003,1544912896,1537777664,15
229.17451432899998,498.67,1544912896,1540624384,15
229.38516181099976,499.1,1547759616,1540624384,15
229.59533249299966,499.53000000000003,1622519808,1618231296,15
229.80661513199993,499.96,1618112512,1613824000,15
230.02615675799962,500.51,1512361984,1508073472,15
230.24622967000005,500.99,1512361984,1508073472,15
230.47586340599992,501.46,1512361984,1508073472,15
230.68856449799978,501.90000000000003,1512361984,1508073472,15
230.90942345999974,502.35,1512361984,1508052992,15
231.13059036599998,502.8,1512361984,1508052992,15
231.379142324,503.31,1512361984,1508073472,15
231.63360144499984,503.84000000000003,1512361984,1508073472,15
231.8751368889998,504.33000000000004,1512361984,1508073472,15
232.2238664219999,505.03999999999996,1512361984,1508073472,15
232.44318229700002,505.5,1512361984,1508073472,15
232.65864453599988,505.94,1512361984,1508073472,15
232.8779985189999,506.4,1512361984,1508073472,15
233.09517104399993,506.83,1512361984,1508073472,15
233.3120854409999,507.28,1512361984,1508073472,15
233.54063254899984,507.75,1512361984,1508073472,15
233.78468369499979,508.26,1512361984,1508073472,15
234.05168043100002,508.79999999999995,1512361984,1508073472,15
234.30021779799972,509.3,1512361984,1508073472,15
234.58174938000002,509.9,1512361984,1508073472,15
234.8050358649998,510.34999999999997,1512361984,1508073472,15
235.0471332899997,510.81,1512361984,1508073472,15
235.316396103,511.39,1512361984,1508073472,15
235.54869015299982,511.88,1512361984,1508073472,15
235.7626620709998,512.3100000000001,1512361984,1508073472,15
235.980091807,512.77,1512361984,1508073472,15
236.1954665459998,513.1999999999999,1512361984,1508073472,15
236.4130654669998,513.65,1512361984,1508044800,15
236.62464236100004,513.97,1512415232,1508052992,24
236.83391755599996,514.39,1512361984,1508044800,15
237.04404534599962,514.83,1512361984,1508044800,15
237.25524395399998,515.26,1533132800,1528815616,15
237.4653571859999,515.77,1533132800,1528815616,15
237.67479002799973,516.2,1533132800,1528815616,15
237.88508868899999,516.63,1540100096,1535782912,15
238.094750536,517.15,1540104192,1535787008,15
238.3044181969999,517.58,1540104192,1535787008,15
238.51782314499997,518.02,1540104192,1535799296,15
238.72804877099998,518.4499999999999,1547841536,1543536640,15
238.93740647000004,518.97,1547841536,1543536640,15
239.14730504299996,519.39,1547841536,1543536640,15
239.35708030299975,519.8199999999999,1547841536,1543553024,15
239.56771914299998,520.25,1547841536,1543553024,15
239.77791032899995,520.81,1547841536,1543553024,15
239.9874984549997,521.24,1547841536,1543553024,15
240.19717649699987,521.66,1547841536,1543553024,15
240.40687095299972,522.1,1547841536,1543553024,15
240.62056201799987,522.53,1552613376,1543553024,15
240.9183245549998,523.26,1515298816,1510981632,15
241.13486852999995,523.71,1515298816,1510981632,15
241.3681346369999,524.19,1515298816,1510961152,15
241.64412446899996,524.76,1515298816,1510961152,15
241.87492085899976,525.23,1515298816,1510981632,15
242.09764755199967,525.69,1515298816,1510981632,15
242.31565859199964,526.15,1515298816,1510981632,15
242.53383387099984,526.5899999999999,1515298816,1510981632,15
242.75166280799976,527.03,1515298816,1511002112,15
242.98172157599993,527.5,1515298816,1510993920,15
243.20398150099982,527.97,1515298816,1510993920,15
243.45318566900005,528.47,1515298816,1510993920,15
243.70191741899998,528.98,1515298816,1511010304,15
244.091209488,529.7,1515298816,1511010304,15
244.32738076299984,530.27,1515298816,1511010304,15
244.56576315099983,530.76,1515298816,1511010304,15
244.79488819299968,531.23,1515298816,1511010304,15
245.02086241100005,531.7,1515298816,1511010304,15
245.24175485099977,532.14,1515298816,1511010304,15
245.4669777879999,532.61,1515298816,1511010304,15
245.6907134029998,533.0500000000001,1515298816,1510989824,15
245.91122528000005,533.51,1515298816,1510989824,15
246.14156374499998,533.98,1515298816,1511010304,15
246.36622873099986,534.45,1515298816,1511010304,15
246.596889423,534.91,1515298816,1511010304,15
246.82027773899972,535.37,1515298816,1511010304,15
247.03460821499993,535.72,1515487232,1511141376,25
247.24381839399985,536.14,1515311104,1510993920,15
247.4533431169998,536.5699999999999,1515311104,1510993920,15
247.6634893569999,537.0,1537318912,1533001728,15
247.87351891599974,537.51,1537327104,1533009920,15
248.08389644399995,537.94,1537327104,1533009920,15
248.29395854199993,538.37,1537327104,1533009920,15
248.5043853699999,538.89,1537327104,1533009920,15
248.71441226399975,539.32,1537327104,1533009920,15
248.9277248899998,539.76,1537327104,1533022208,15
249.13864301900003,540.2,1542352896,1538048000,15
249.34840944300004,540.73,1547882496,1543577600,15
249.55879115399966,541.1600000000001,1547882496,1543577600,15
249.76849997199997,541.59,1547882496,1543593984,15
249.980658381,542.03,1547882496,1543593984,15
250.19062841100003,542.64,1547890688,1543602176,15
250.40005457200004,543.0699999999999,1547890688,1543602176,15
250.6117156319997,543.5,1547890688,1543602176,15
250.82125943499977,543.9300000000001,1547890688,1543602176,15
251.03074591699988,544.36,1547890688,1543602176,15
251.24316983599965,544.8,1547890688,1543602176,15
251.4572679089997,545.23,1572610048,1568321536,15
251.67986206099977,545.76,1527840768,1523503104,15
251.90620143199976,546.23,1527840768,1523503104,15
252.1321570299997,546.69,1527840768,1523503104,15
252.35329517799983,547.15,1527840768,1523523584,15
252.57201921199976,547.6,1527840768,1523523584,15
252.79199956000002,548.06,1527840768,1523523584,15
253.01520404899975,548.5,1527840768,1523523584,15
253.23300863099985,548.9599999999999,1527840768,1523523584,15
253.44864189500004,549.4,1527840768,1523523584,15
253.66945865599973,549.8499999999999,1527840768,1523535872,15
253.89490230499996,550.31,1527840768,1523535872,15
254.1129796819996,550.76,1527840768,1523535872,15
254.3309752619998,551.2,1527840768,1523535872,15
254.56169688,551.6800000000001,1527840768,1523552256,15
254.80765275099975,552.18,1527840768,1523552256,15
255.1007400819999,552.79,1527840768,1523552256,15
255.31656034299976,553.23,1527840768,1523552256,15
255.53108953299989,553.6800000000001,1527840768,1523552256,15
255.75020020299962,554.12,1527840768,1523552256,15
255.9643758559996,554.5600000000001,1527840768,1523552256,15
256.1838604239997,555.01,1527840768,1523552256,15
256.4048363799998,555.46,1527840768,1523531776,15
256.62976227299987,555.91,1527840768,1523531776,15
256.8426808009999,556.35,1527840768,1523552256,15
257.06174726499967,556.79,1527840768,1523552256,15
257.27439716399977,557.24,1527844864,1523527680,15
257.4851158209999,557.5699999999999,1527836672,1523519488,15
257.6946639339999,558.0,1527836672,1523519488,15
257.90438071599965,558.4300000000001,1527836672,1523519488,15
258.11575947799975,558.9399999999999,1537331200,1533014016,15
258.3250553619996,559.37,1537331200,1533014016,15
258.5359925779999,559.81,1537331200,1533014016,15
258.7456439069997,560.25,1537331200,1533014016,15
258.9645279049996,560.79,1537331200,1533014016,15
259.17824393499995,561.23,1537331200,1533014016,15
259.388797137,561.6600000000001,1537331200,1533026304,15
259.608208786,562.12,1542356992,1538052096,15
259.82829351400005,562.6700000000001,1547886592,1543581696,15
260.04212066599985,563.1,1547886592,1543581696,15
260.25218063099965,563.5200000000001,1547886592,1543598080,15
260.46228963899966,563.95,1547886592,1543598080,15
260.6757151409997,564.52,1547878400,1543589888,15
260.8861504429997,564.97,1547878400,1543589888,15
261.1006264309999,565.4200000000001,1547878400,1543589888,15
261.31199487999993,565.85,1547878400,1543589888,15
261.53116989,566.3100000000001,1547878400,1543589888,15
261.74268767299964,566.74,1547878400,1543589888,15
261.963477366,567.21,1547878400,1543589888,15
262.1751514409998,567.65,1572597760,1568288768,15
262.40617968399965,568.12,1527828480,1523490816,15
262.6243768149998,568.6600000000001,1528037376,1523699712,15
262.8416088109998,569.1,1528037376,1523720192,15
263.05663528800005,569.5500000000001,1528119296,1523802112,15
263.2683227379998,569.99,1530966016,1526648832,15
263.4813296709999,570.42,1530966016,1526648832,15
263.69104675699964,570.86,1530966016,1526648832,15
263.9008112729998,571.29,1530966016,1526648832,15
264.11076983199973,571.72,1530966016,1526648832,15
264.32109732699973,572.12,1530966016,1526661120,15
264.53117084999985,572.56,1542348800,1538043904,15
264.74164822099965,572.99,1542348800,1538043904,15
264.95120138899983,573.4200000000001,1545195520,1540890624,15
265.16707331099997,573.87,1548042240,1543753728,15
265.38161422999974,574.2800000000001,1553735680,1549447168,15
265.5963105799997,574.72,1556582400,1549447168,15
265.8101280809997,575.12,1556582400,1552293888,15
266.02170153299994,575.56,1589493760,1583833088,15
266.2338320959998,575.97,1571401728,1567113216,15
266.446989607,576.42,1620062208,1615773696,15
266.66089840899986,576.96,1530331136,1526042624,15
266.93231692499967,577.55,1530331136,1526042624,15
267.2060303039998,578.1,1530331136,1526022144,15
267.445715975,578.6,1530331136,1526022144,15
267.671998586,579.0600000000001,1530331136,1526042624,15
267.99243207699965,579.62,1530331136,1526042624,15
268.280242628,580.3199999999999,1530331136,1526042624,15
268.50810535499977,580.78,1530331136,1526042624,15
268.729809507,581.24,1530331136,1526042624,15
268.9567731379998,581.7,1530331136,1526042624,15
269.20796970499987,582.22,1530331136,1526042624,15
269.4806026899996,582.74,1530331136,1526042624,15
269.7471477949998,583.33,1530331136,1526042624,15
270.015535818,583.85,1530331136,1526042624,15
270.30755931099975,584.45,1530331136,1526042624,15
270.53195874799985,584.95,1530331136,1526042624,15
270.7522440779999,585.4,1530331136,1526042624,15
270.9677697009997,585.83,1530331136,1526042624,15
271.1854068959997,586.28,1530331136,1526042624,15
271.51046649499995,586.91,1530331136,1526042624,15
271.7809747719998,587.51,1530331136,1526042624,15
271.99900341700004,587.9599999999999,1530331136,1526042624,15
272.216787718,588.4,1530331136,1526042624,15
272.44394255199995,588.87,1530331136,1526042624,15
272.65470505099984,589.2900000000001,1530331136,1526013952,15
272.864897937,589.61,1530322944,1526005760,15
273.0746953859998,590.04,1530322944,1526005760,15
273.28778181200005,590.47,1530322944,1526005760,15
273.49723201899997,590.96,1536471040,1532153856,15
273.70785176699974,591.4100000000001,1536471040,1532153856,15
273.92089294499965,591.86,1536471040,1532153856,15
274.1358431599997,592.3299999999999,1538506752,1534283776,17
274.346223388,592.8000000000001,1538473984,1534156800,15
274.5571578619997,593.24,1538473984,1534169088,15
274.767796654,593.67,1538473984,1534169088,15
274.99136422599986,594.16,1556197376,1552044032,15
275.2005324319998,594.61,1505554432,1501249536,15
275.4107606569996,595.04,1508102144,1503813632,15
275.62433114199985,595.48,1510780928,1506492416,15
275.83427707500005,595.91,1550667776,1546379264,15
276.0433406029997,596.46,1505562624,1501274112,15
276.2528369739998,596.89,1505562624,1501274112,15
276.46333214499964,597.3199999999999,1508110336,1503821824,15
276.67289471999993,597.75,1513467904,1509179392,15
276.88394519099984,598.19,1507463168,1503174656,15
277.103469098,598.74,1507463168,1503145984,15
277.32167864099983,599.1800000000001,1507463168,1503125504,15
277.5399815429996,599.63,1507463168,1503125504,15
277.7641152889996,600.09,1507467264,1503129600,15
278.0003939989997,600.5699999999999,1507467264,1503150080,15
278.2325207609997,601.04,1507467264,1503150080,15
278.44941728899994,601.49,1507467264,1503150080,15
278.67792012899963,601.9499999999999,1507467264,1503150080,15
278.91348595499994,602.44,1507467264,1503150080,15
279.19328938399985,603.0200000000001,1507467264,1503162368,15
279.46149727600005,603.57,1507467264,1503162368,15
279.70056527999986,604.0600000000001,1507467264,1503162368,15
279.91773623599966,604.51,1507467264,1503178752,15
280.13634102900005,604.95,1507467264,1503178752,15
280.353285659,605.4,1507467264,1503178752,15
280.5716362889998,605.85,1507467264,1503178752,15
280.78904176399965,606.29,1507467264,1503178752,15
281.1063293829998,606.94,1507467264,1503178752,15
281.38093543800005,607.4000000000001,1507467264,1503178752,15
281.64994087199966,607.99,1507467264,1503150080,15
281.8813997029997,608.4399999999999,1507459072,1503121408,15
282.09302477599977,608.88,1507459072,1503121408,15
282.3030969739998,609.18,1507459072,1503141888,15
282.51352728999973,609.6199999999999,1514631168,1507119104,15
282.7239376819998,610.13,1538478080,1534160896,15
282.93488957599993,610.5699999999999,1538478080,1534160896,15
283.14740590799966,611.0,1538478080,1534160896,15
283.3579674729999,611.4300000000001,1538478080,1534160896,15
283.57187871199994,611.9699999999999,1538478080,1534173184,15
283.78584078699987,612.4200000000001,1538478080,1534173184,15
283.99672433299975,612.84,1538478080,1534173184,15
284.2113972549996,613.27,1538478080,1534173184,15
284.42773297199983,613.72,1550671872,1546383360,15
284.64115528499997,614.26,1506766848,1501241344,15
284.85141507299977,614.69,1506766848,1502449664,15
285.0618567479996,615.12,1509285888,1504968704,15
285.2716999219997,615.55,1512124416,1507807232,15
285.48198995899975,615.9699999999999,1556201472,1551884288,15
285.6946590419998,616.5600000000001,1511620608,1507303424,15
285.90420034499994,616.99,1512624128,1508306944,15
286.11404082499985,617.41,1516642304,1512325120,15
286.32419629399965,617.85,1518653440,1514336256,15
286.53485626799966,618.28,1524772864,1516150784,15
286.7496383309999,618.73,1531899904,1527590912,15
286.9926914059997,619.28,1531899904,1527595008,15
287.24434853899993,619.84,1531899904,1527595008,15
287.48987458199963,620.34,1531899904,1527595008,15
287.7152157129999,620.81,1531899904,1527611392,15
287.93550329799973,621.25,1531899904,1527611392,15
288.1690158639999,621.74,1531899904,1527611392,15
288.3956198789997,622.2,1531899904,1527611392,15
288.6191165199998,622.6600000000001,1531899904,1527611392,15
288.8379646049998,623.11,1531899904,1527611392,15
289.0715055599999,623.58,1531899904,1527611392,15
289.30723148299967,624.08,1531899904,1527611392,15
289.703627158,624.81,1531899904,1527590912,15
289.9436664509999,625.31,1531899904,1527562240,15
290.1786359429998,625.8,1531899904,1527582720,15
290.4065348289996,626.26,1531899904,1527582720,15
290.6296441569998,626.72,1531899904,1527582720,15
290.8488930159997,627.1700000000001,1531899904,1527582720,15
291.06692473099974,627.61,1531899904,1527582720,15
291.35472514599996,628.21,1531899904,1527582720,15
291.64092918999995,628.8,1531899904,1527582720,15
291.85559112099963,629.24,1531899904,1527582720,15
292.07318356999986,629.68,1531899904,1527595008,15
292.29008672500004,630.1300000000001,1531899904,1527590912,15
292.513789136,630.59,1531940864,1527635968,15
292.72484574400005,630.9,1531949056,1527660544,15
292.934506909,631.33,1531949056,1527660544,15
293.1454316039999,631.76,1531949056,1527660544,15
293.355383136,632.2,1538519040,1534230528,15
293.5652162399997,632.69,1538519040,1534201856,15
293.774975884,633.13,1538519040,1534201856,15
293.9888401529997,633.5699999999999,1538519040,1534201856,15
294.19899903299984,634.09,1538519040,1534201856,15
294.4088716219999,634.52,1538519040,1534201856,15
294.61877790599965,634.95,1538519040,1534201856,15
294.8295293639999,635.38,1550712832,1546375168,15
295.0398310999999,635.91,1507508224,1503170560,15
295.25830422599984,636.36,1507508224,1503191040,15
295.4686972689997,636.79,1509335040,1505030144,15
295.70468257699986,637.29,1545363456,1541058560,15
295.91415061099997,637.91,1510658048,1506353152,15
296.12391925799966,638.35,1510658048,1506353152,15
296.33355644699986,638.78,1510658048,1506369536,15
296.5429576299998,639.2,1516683264,1512394752,15
296.75300983499983,639.63,1519697920,1515409408,15
296.963625288,640.0699999999999,1570295808,1566007296,15
297.1990788899998,640.64,1506009088,1501548544,34
297.409899152,641.0600000000001,1524191232,1518452736,15
297.61993982900003,641.5,1532731392,1528414208,15
297.83155038199993,641.92,1538424832,1534087168,15
298.04539472099987,642.36,1538424832,1534087168,15
298.25566595600003,642.79,1538449408,1534132224,15
298.4659184819998,643.1999999999999,1538449408,1534132224,15
298.6756180699999,643.64,1538449408,1534132224,15
298.88565059999974,644.05,1538449408,1534132224,15
299.09591029199964,644.48,1546989568,1542684672,15
299.305902566,644.9100000000001,1546989568,1542684672,15
299.5160354919999,645.34,1549836288,1545531392,15
299.7287059119999,645.78,1552678912,1548374016,15
299.94095677999985,646.21,1558372352,1554083840,15
300.1507580309999,646.64,1561219072,1556930560,15
300.3605198129999,647.04,1561219072,1556930560,15
300.5712689279999,647.48,1627074560,1622786048,15
300.7819869249997,647.9000000000001,1627541504,1612169216,15
300.9925779619998,648.33,1575071744,1570750464,15
301.224969245,648.9399999999999,1575137280,1570848768,15
301.4570101739996,649.43,1575137280,1570848768,15
301.6838097589998,649.89,1575137280,1570848768,15
301.90731817899996,650.3499999999999,1575137280,1570828288,15
302.11957239799995,650.79,1575137280,1570828288,15
302.3376788229998,651.24,1575137280,1570848768,15
302.5559476409999,651.6800000000001,1575137280,1570848768,15
302.7767835129998,652.13,1575137280,1570848768,15
302.99971309099965,652.59,1575137280,1570848768,15
303.21673631199974,653.04,1575137280,1570848768,15
303.43142484400005,653.48,1575137280,1570848768,15
303.64816615599966,653.92,1575137280,1570848768,15
303.8618019569999,654.35,1575137280,1570848768,15
304.077038851,654.8,1575137280,1570848768,15
304.29641890899984,655.25,1575137280,1570848768,15
304.51054184999975,655.68,1575137280,1570848768,15
304.736902012,656.1400000000001,1575137280,1570848768,15
304.9648320209999,656.61,1575137280,1570848768,15
305.1916332589999,657.07,1575137280,1570848768,15
305.4287549659998,657.5500000000001,1575137280,1570848768,15
305.671126235,658.0500000000001,1575137280,1570848768,15
305.9060593129998,658.53,1575137280,1570848768,15
306.153992818,659.04,1575137280,1570848768,15
306.3686269099999,659.48,1575137280,1570848768,15
306.60147001099995,659.9599999999999,1575137280,1570848768,15
306.897269737,660.56,1575137280,1570848768,15
307.23218374199996,661.25,1575137280,1570848768,15
307.52218622099963,661.85,1575137280,1570848768,15
307.7915320819998,662.34,1575137280,1570848768,15
308.1525882769997,663.1600000000001,1575137280,1570848768,15
308.4227861579998,663.69,1575137280,1570848768,15
308.6499669619998,664.1700000000001,1575137280,1570848768,15
308.86362598100004,664.61,1575137280,1570848768,15
309.08459257699997,665.0600000000001,1575137280,1570848768,15
309.337186149,665.58,1575137280,1570848768,15
309.55852191199983,666.04,1575137280,1570848768,15
309.7709060389998,666.48,1575137280,1570820096,15
309.98084536199985,666.77,1506693120,1502375936,15
310.1905490879999,667.1999999999999,1506693120,1502375936,15
310.3997397029998,667.6300000000001,1510965248,1506648064,15
310.609193583,668.13,1540833280,1536516096,15
310.81871664799974,668.57,1540833280,1536516096,15
311.0282249699999,668.99,1540833280,1536516096,15
311.2375911089998,669.52,1541840896,1537523712,15
311.44742286899964,669.9499999999999,1541840896,1537523712,15
311.6568731139996,670.3800000000001,1541840896,1537523712,15
311.86773115100004,670.8100000000001,1542176768,1537871872,15
312.07701393299976,671.3299999999999,1509343232,1504903168,15
312.2859453459996,671.75,1510547456,1506242560,15
312.49546421499963,672.1800000000001,1513385984,1508921344,15
312.70917519099976,672.62,1517404160,1513115648,15
312.9215625879997,673.1800000000001,1507942400,1502531584,15
313.135099522,673.64,1511215104,1506926592,15
313.3476755879997,674.07,1511292928,1507004416,15
313.55797225900005,674.5,1516732416,1512443904,15
313.7701474109999,674.9399999999999,1520082944,1515794432,15
313.9811199599999,675.37,1566593024,1562304512,15
314.1972896019997,675.91,1526919168,1522601984,15
314.42479346599976,676.38,1526919168,1522601984,15
314.64403594999976,676.8299999999999,1526919168,1522581504,15
314.8600793409996,677.28,1526919168,1522581504,15
315.1173839879998,677.8100000000001,1526919168,1522601984,15
315.3513069319997,678.28,1526919168,1522601984,15
315.58587948900004,678.77,1526919168,1522601984,15
315.80729055999973,679.22,1526919168,1522601984,15
316.0350583069999,679.6999999999999,1526919168,1522601984,15
316.25662081599967,680.15,1526919168,1522614272,15
316.48286428599977,680.6099999999999,1526919168,1522614272,15
316.7034075639999,681.07,1526919168,1522614272,15
316.9452155639997,681.5400000000001,1526919168,1522630656,15
317.28059977099974,682.25,1526919168,1522630656,15
317.49627594000003,682.69,1526919168,1522630656,15
317.71685793300003,683.14,1526919168,1522630656,15
317.9369779479998,683.6,1526919168,1522630656,15
318.155680758,684.04,1526919168,1522630656,15
318.37140100399984,684.41,1526919168,1522601984,15
318.5822935379997,684.79,1526919168,1522601984,15
318.7927214369997,685.21,1526919168,1522601984,15
319.0042076919999,685.6500000000001,1526919168,1522581504,15
319.214569622,686.1600000000001,1542770688,1538433024,15
319.42656150799985,686.6,1542770688,1538453504,15
319.6377030669996,687.0300000000001,1542770688,1538453504,15
319.8482343319997,687.46,1542770688,1538453504,15
320.0623114549999,687.99,1542770688,1538453504,15
320.2730308729997,688.4300000000001,1542770688,1538465792,15
320.4836162489996,688.86,1542770688,1538465792,15
320.6936544809996,689.28,1542770688,1538465792,15
320.9043438839999,689.72,1554620416,1550315520,15
321.1144547449999,690.22,1510760448,1506471936,15
321.3238085349999,690.6600000000001,1510760448,1506471936,15
321.54381727400005,691.1,1514733568,1510445056,15
321.7577773549997,691.54,1554620416,1550331904,15
321.9673788289997,692.11,1516433408,1512144896,15
322.1783316389997,692.54,1516433408,1512144896,15
322.38837481899964,692.98,1517436928,1513148416,15
322.597784132,693.4,1523466240,1519177728,15
322.8076298339997,693.8299999999999,1525473280,1521184768,15
323.0174790609999,694.26,1575084032,1570775040,15
323.22964938099994,694.6700000000001,1523425280,1519087616,15
323.4605570949998,695.21,1523425280,1519087616,15
323.73784799899977,695.77,1523425280,1519108096,15
323.9588331589998,696.23,1523425280,1519108096,15
324.18373916899964,696.6899999999999,1523425280,1519108096,15
324.40689227099983,697.15,1523425280,1519108096,15
324.65539089699996,697.6500000000001,1523425280,1519108096,15
324.88241561099994,698.12,1523425280,1519108096,15
325.0999980939996,698.57,1523425280,1519108096,15
325.31573623199984,699.01,1523425280,1519120384,15
325.53828486899965,699.46,1523425280,1519120384,15
325.76007563899975,699.92,1523425280,1519120384,15
325.99853726799984,700.39,1523425280,1519136768,15
326.24054967799975,700.89,1523425280,1519136768,15
326.4942991169996,701.42,1523425280,1519136768,15
326.74894147199984,701.95,1523425280,1519136768,15
326.96526791199994,702.39,1523425280,1519136768,15
327.228543577,702.91,1523425280,1519136768,15
327.52724615399984,703.55,1523425280,1519136768,15
327.75893184100005,704.03,1523425280,1519136768,15
327.9773756759996,704.48,1523425280,1519116288,15
328.1909556569999,704.92,1523425280,1519116288,15
328.40859705899993,705.3599999999999,1523425280,1519116288,15
328.6231437659999,705.8,1523425280,1519136768,15
328.836273207,706.1500000000001,1523445760,1519128576,15
329.04942878799966,706.5400000000001,1523445760,1519128576,15
329.2624193309998,706.99,1523445760,1519128576,15
329.47605712899986,707.42,1542127616,1534328832,15
329.6870924359996,707.94,1542795264,1538478080,15
329.89816979399984,708.37,1542795264,1538478080,15
330.10840944899974,708.79,1542795264,1538478080,15
330.3192552969999,709.33,1542795264,1538478080,15
330.5301830789999,709.75,1542795264,1538478080,15
330.74071605599966,710.1899999999999,1542795264,1538490368,15
330.97635725400005,710.7,1510797312,1506480128,19
331.186067696,711.19,1510785024,1506480128,15
331.3972632609998,711.63,1513259008,1508954112,15
331.6075295559999,712.05,1516097536,1510469632,15
331.8194211549999,712.48,1506852864,1555886080,15
332.0323963579999,713.0899999999999,1517883392,1513594880,15
332.2424349189996,713.52,1517883392,1513594880,15
332.4519322359997,713.95,1519054848,1514766336,15
332.6614883799998,714.38,1523744768,1519456256,15
332.8712697709998,714.8100000000001,1526087680,1521799168,15
333.0815264179996,715.24,1528430592,1524142080,15
333.295520185,715.68,1586507776,1582219264,15
333.5106738119998,716.15,1541926912,1537687552,21
333.72020926100004,716.58,1541738496,1537400832,15
333.9301065249997,717.0,1541738496,1537400832,15
334.14007869299985,717.4399999999999,1541738496,1537421312,15
334.3507326979998,717.87,1541738496,1537421312,15
334.56062519499983,718.29,1541738496,1537421312,15
334.7706293809997,718.73,1541738496,1537421312,15
334.980649135,719.1400000000001,1541779456,1537462272,15
335.19167403899974,719.58,1545650176,1541332992,15
335.4021998809999,720.0,1545650176,1541345280,15
335.61188831599975,720.4300000000001,1548328960,1544024064,15
335.822477358,720.87,1551007744,1546702848,15
336.0329085069998,721.28,1556365312,1552060416,15
336.24665956399986,721.73,1561722880,1557434368,15
336.4563300669997,722.13,1561722880,1557434368,15
336.6662416529998,722.56,1628102656,1623814144,15
336.878835858,723.0,1628106752,1623814144,15
337.1220203749999,723.61,1511133184,1506844672,15
337.3415162889996,724.08,1511133184,1506844672,15
337.5546636649997,724.51,1511133184,1506844672,15
337.78630785199994,724.98,1511133184,1506844672,15
338.008178565,725.43,1511133184,1506844672,15
338.2407380759996,725.91,1511133184,1506824192,15
338.46924210099996,726.37,1511133184,1506824192,15
338.69680585399965,726.8399999999999,1511133184,1506844672,15
338.92187035999996,727.3000000000001,1511133184,1506844672,15
339.16003009199994,727.8000000000001,1511133184,1506844672,15
339.407877394,728.29,1511133184,1506844672,15
339.7028280559998,728.88,1511133184,1506844672,15
340.02989773499985,729.5699999999999,1511133184,1506844672,15
340.3202360999999,730.1600000000001,1511133184,1506844672,15
340.6086778169997,730.71,1511133184,1506844672,15
340.8613995599999,731.27,1511133184,1506844672,15
341.08421334900004,731.73,1511133184,1506844672,15
341.3455311959997,732.25,1511133184,1506844672,15
341.58694454999977,732.77,1511133184,1506844672,15
341.818479087,733.24,1511133184,1506844672,15
342.0565164989998,733.72,1511133184,1506844672,15
342.36304324,734.2900000000001,1511133184,1506844672,15
342.63546392499984,734.93,1511133184,1506844672,15
342.8690719609999,735.36,1511133184,1506844672,15
343.1013842039997,735.87,1511133184,1506844672,15
343.3239483569996,736.3299999999999,1511133184,1506844672,15
343.5500265409996,736.78,1511133184,1506844672,15
343.7631694089996,737.1700000000001,1511133184,1506816000,15
343.9726826829997,737.51,1511141376,1506824192,15
344.1819282639999,737.9300000000001,1511141376,1506824192,15
344.392675307,738.36,1512034304,1507717120,15
344.6038679909998,738.8299999999999,1542000640,1537769472,15
344.8131390399999,739.3000000000001,1541894144,1537576960,15
345.02319528199996,739.73,1541894144,1537576960,15
345.2360890699997,740.18,1545609216,1541292032,15
345.4458046279997,740.69,1545609216,1541292032,15
345.6556445739998,741.12,1545609216,1541304320,15
345.86610529599966,741.55,1545609216,1541304320,15
346.0755571769996,741.99,1510891520,1506586624,15
346.2847671579998,742.5,1510891520,1506586624,15
346.4944035579997,742.9399999999999,1513369600,1509081088,15
346.7039855899998,743.36,1517547520,1513259008,15
346.9248970399999,743.9300000000001,1560522752,1556230144,32
347.13486472199975,744.39,1516568576,1512280064,15
347.344533814,744.8199999999999,1517572096,1513283584,15
347.5547276059997,745.25,1519583232,1515294720,15
347.76448270799983,745.68,1523601408,1519312896,15
347.974100548,746.1099999999999,1525608448,1521319936,15
348.1845803219999,746.5400000000001,1575219200,1570930688,15
348.40259453,747.13,1527574528,1523236864,15
348.618860865,747.57,1527574528,1523236864,15
348.8365661329999,748.02,1527574528,1523257344,15
349.1456786059998,748.66,1527574528,1523257344,15
349.44706823499973,749.24,1527574528,1523257344,15
349.68632235899986,749.77,1527574528,1523257344,15
349.9170967789996,750.24,1527574528,1523257344,15
350.1312134939999,750.68,1527574528,1523257344,15
350.34668378299966,751.12,1527574528,1523269632,15
350.56301828100004,751.56,1527574528,1523269632,15
350.7881844129997,752.02,1527574528,1523269632,15
351.0150541779999,752.49,1527574528,1523269632,15
351.3187174229997,753.1,1527574528,1523286016,15
351.54754905499976,753.58,1527574528,1523286016,15
351.785109291,754.0600000000001,1527574528,1523286016,15
352.0082490049999,754.52,1527574528,1523286016,15
352.2336833209997,754.99,1527574528,1523286016,15
352.478270478,755.48,1527574528,1523286016,15
352.7121024359999,755.9599999999999,1527574528,1523286016,15
352.9325408679997,756.4,1527574528,1523286016,15
353.15943351299984,756.8800000000001,1527574528,1523265536,15
353.3963471099996,757.37,1527574528,1523265536,15
353.613838882,757.8100000000001,1527574528,1523286016,15
353.83269234499994,758.26,1527574528,1523286016,15
354.0500962289998,758.71,1527574528,1523286016,15
354.27693124200005,759.17,1527574528,1523286016,15
354.6151571309997,759.86,1527574528,1523286016,15
354.84345583000004,760.3299999999999,1527574528,1523286016,15
355.067708776,760.79,1527574528,1523286016,15
355.28527076299997,761.23,1527574528,1523286016,15
355.5052847759998,761.69,1527574528,1523286016,15
355.7477761739997,762.1800000000001,1527574528,1523286016,15
356.034532358,762.77,1527574528,1523286016,15
356.2443408199997,763.14,1527599104,1523281920,15
356.45426278299965,763.48,1527599104,1523281920,15
356.66355749099966,763.92,1527599104,1523281920,15
356.87321585699965,764.3399999999999,1537777664,1528152064,15
357.0841320569998,764.86,1541922816,1537605632,15
357.29779750499983,765.3,1541922816,1537605632,15
357.5085699039996,765.7299999999999,1541922816,1537605632,15
357.7185016899998,766.26,1545637888,1541320704,15
357.9282704299999,766.68,1545637888,1541320704,15
358.13931284599994,767.1300000000001,1545637888,1541332992,15
358.3504896739996,767.5600000000001,1545637888,1541332992,15
358.56155646599973,768.0699999999999,1560309760,1556004864,15
358.77248499999996,768.52,1560309760,1556004864,15
358.9823881479997,768.95,1560309760,1556021248,15
359.196898144,769.3900000000001,1560309760,1556021248,15
359.40961325499984,770.01,1560301568,1556013056,15
359.61958253299963,770.44,1560301568,1556013056,15
359.8295712109998,770.87,1560301568,1556013056,15
360.03906564299996,771.3000000000001,1560301568,1556013056,15
360.24873305599976,771.73,1560301568,1556013056,15
360.4601560449996,772.16,1591930880,1587642368,15
360.7204598029998,772.84,1549594624,1545277440,15
360.941537403,773.3,1549594624,1545256960,15
361.1677720439998,773.75,1549594624,1545256960,15
361.4178527699996,774.29,1549594624,1545277440,15
361.63982208399966,774.75,1549594624,1545277440,15
361.86181120699985,775.2099999999999,1549594624,1545277440,15
362.0890963519996,775.6700000000001,1549594624,1545277440,15
362.3130931649998,776.13,1549594624,1545277440,15
362.5893440179998,776.69,1549594624,1545277440,15
362.808978001,777.14,1549594624,1545289728,15
363.03270580499975,777.61,1549594624,1545289728,15
363.252661213,778.06,1549594624,1545289728,15
363.47828223999977,778.52,1549594624,1545306112,15
363.7851478499997,779.0799999999999,1549594624,1545306112,15
364.11568767699964,779.84,1549594624,1545306112,15
364.3364907289997,780.28,1549594624,1545306112,15
364.56251134399963,780.75,1549594624,1545306112,15
364.7832968299999,781.1999999999999,1549594624,1545306112,15
365.0041537529996,781.65,1549594624,1545306112,15
365.2301024789999,782.11,1549594624,1545306112,15
365.45038401500005,782.5699999999999,1549594624,1545285632,15
365.67717446999995,783.03,1549594624,1545285632,15
365.8964764379998,783.49,1549594624,1545306112,15
366.106292512,783.82,1549639680,1545322496,15
366.31648449199974,784.19,1549647872,1545330688,15
366.52640970899984,784.63,1549647872,1545330688,15
366.73610336699994,785.05,1549647872,1545330688,15
366.94664604499985,785.5600000000001,1549647872,1545330688,15
367.15919474099974,786.01,1549647872,1545330688,15
367.3685498,786.4300000000001,1549647872,1545330688,15
367.57821387900003,786.94,1549647872,1545330688,15
367.7879329559996,787.38,1549647872,1545330688,15
368.00104755999973,787.82,1549647872,1545342976,15
368.2109487409998,788.25,1549647872,1545342976,15
368.4204153169999,788.76,1560354816,1556049920,15
368.630419564,789.2,1560354816,1556049920,15
368.84151693299964,789.63,1560354816,1556066304,15
369.059531502,790.1,1560354816,1556066304,15
369.27029963999985,790.66,1560354816,1556066304,15
369.48048694199997,791.1,1560354816,1556066304,15
369.6903406219999,791.52,1560354816,1556066304,15
369.90115234999985,791.95,1560354816,1556066304,15
370.1111846589997,792.39,1567211520,1556066304,15
370.3216386539998,792.82,1567490048,1563172864,15
370.5320368739999,793.29,1567490048,1563172864,15
370.7420206889997,793.72,1567490048,1563152384,15
370.9518563919996,794.15,1567490048,1563152384,15
371.16206704499973,794.5799999999999,1567490048,1563152384,15
371.37241412799995,795.01,1567490048,1563172864,15
371.58231365699976,795.44,1567490048,1563172864,15
371.7921392539997,795.86,1567490048,1563172864,15
372.00184184599993,796.2800000000001,1567490048,1563172864,15
372.212210271,796.71,1567490048,1563172864,15
372.4250406029996,797.15,1567490048,1563185152,15
372.6353276599998,797.57,1567490048,1563185152,15
372.845389994,798.0,1567490048,1563185152,15
373.0552448369999,798.43,1567490048,1563185152,15
373.2655816749998,798.83,1567490048,1563201536,15
373.47558372899994,799.27,1567490048,1563201536,15
373.68614124999976,799.66,1567490048,1563201536,15
373.89635499299993,800.1,1633787904,1629499392,15
374.10621677699964,800.53,1626279936,1615343616,15
374.3213248259999,800.95,1589882880,1585594368,15
374.66202007799984,801.81,1589960704,1585672192,15
374.97734403699997,802.4499999999999,1589960704,1585672192,15
375.20161213699976,802.9200000000001,1589960704,1585651712,15
375.4222566659996,803.37,1589960704,1585651712,15
375.64163458999974,803.82,1589960704,1585672192,15
375.8585163419998,804.27,1589960704,1585672192,15
376.08363781299977,804.72,1589960704,1585672192,15
376.30462114700003,805.17,1589960704,1585672192,15
376.5313364489998,805.64,1589960704,1585672192,15
376.7488237049997,806.0899999999999,1589960704,1585672192,15
376.96405419899975,806.53,1589960704,1585672192,15
377.17816468499996,806.9599999999999,1589960704,1585672192,15
377.39768349099995,807.4100000000001,1589960704,1585672192,15
377.61363756599985,807.86,1589960704,1585672192,15
377.8308641479998,808.3000000000001,1589960704,1585672192,15
378.0495973709999,808.75,1589960704,1585672192,15
378.2985672089999,809.27,1589960704,1585672192,15
378.51616907599964,809.71,1589960704,1585672192,15
378.7385980989998,810.17,1589960704,1585672192,15
378.96558657299965,810.63,1589960704,1585672192,15
379.20570694399976,811.12,1589960704,1585672192,15
379.43010231499966,811.5799999999999,1589960704,1585672192,15
379.64710262599965,812.02,1589960704,1585672192,15
379.8666645389999,812.48,1589960704,1585672192,15
380.0819829049997,812.9200000000001,1589960704,1585672192,15
380.35722643400004,813.49,1589960704,1585672192,15
380.5761457579997,813.9399999999999,1589960704,1585672192,15
380.80803451699967,814.4,1589960704,1585672192,15
381.02769332599973,814.8599999999999,1589960704,1585672192,15
381.252413615,815.31,1589960704,1585672192,15
381.4751417809998,815.7700000000001,1589960704,1585672192,15
381.69406962999983,816.22,1589960704,1585672192,15
381.92337351599963,816.69,1589960704,1585672192,15
382.155331983,817.17,1589960704,1585672192,15
382.40200300399965,817.68,1589960704,1585672192,15
382.62895874199967,818.14,1589960704,1585672192,15
382.85757558199975,818.6099999999999,1589960704,1585672192,15
383.0875192829999,819.0799999999999,1589960704,1585672192,15
383.3108901979999,819.5400000000001,1589960704,1585672192,15
383.5291955579996,819.99,1589960704,1585672192,15
383.746534462,820.4300000000001,1589960704,1585672192,15
383.9664201149999,820.88,1589960704,1585672192,15
384.1920470739997,821.34,1589960704,1585672192,15
384.40845976799983,821.78,1589960704,1585672192,15
384.6246288389998,822.13,1589960704,1585643520,15
384.8395641359998,822.5,1589960704,1585643520,15
385.0535626159999,822.95,1589960704,1585643520,15
385.26760368899977,823.38,1589960704,1585643520,15
385.48159172299984,823.9000000000001,1589960704,1585643520,15
385.693178428,824.33,1589960704,1585643520,15
385.90334386999984,824.77,1589960704,1585643520,15
386.113088263,825.3000000000001,1589960704,1585643520,15
386.323655016,825.74,1589960704,1585643520,15
386.5362588329999,826.1700000000001,1589960704,1585655808,15
386.74650845299993,826.61,1589960704,1585655808,15
386.9570474789998,827.03,1589960704,1585655808,15
387.1700399729998,827.5600000000001,1589960704,1585655808,15
387.3808801319997,828.0,1589960704,1585672192,15
387.59337965299983,828.4300000000001,1589960704,1585672192,15
387.80377968899984,828.88,1589964800,1585672192,18
388.0147857779998,829.41,1589960704,1585672192,15
388.22514240400005,829.84,1589960704,1585672192,15
388.4361204009997,830.27,1589960704,1585672192,15
388.6461398049996,830.7,1589960704,1585672192,15
388.8566252599999,831.13,1589960704,1585672192,15
389.06624349799995,831.55,1589960704,1585672192,15
389.27672376400005,831.99,1589960704,1585651712,15
389.50696703999984,832.5699999999999,1549729792,1545392128,15
389.73514541899976,833.0300000000001,1549729792,1545412608,15
389.95670495199965,833.49,1549729792,1545412608,15
390.181647073,833.95,1549729792,1545412608,15
390.4151744229998,834.4300000000001,1549729792,1545412608,15
390.65371749199994,834.92,1549729792,1545412608,15
390.88949544399975,835.39,1549729792,1545412608,15
391.11520749600004,835.87,1549729792,1545412608,15
391.33353217900003,836.31,1549729792,1545412608,15
391.5515894939999,836.76,1549729792,1545424896,15
391.78174907799985,837.2299999999999,1549729792,1545424896,15
392.01109517199984,837.6899999999999,1549729792,1545424896,15
392.2497914569999,838.19,1549729792,1545441280,15
392.48132076599995,838.6600000000001,1549729792,1545441280,15
392.7049937439997,839.11,1549729792,1545441280,15
392.94252282599973,839.59,1549729792,1545441280,15
393.17116637499976,840.0600000000001,1549729792,1545441280,15
393.4054978969998,840.55,1549729792,1545441280,15
393.6381479399997,841.02,1549729792,1545441280,15
393.85922497599995,841.48,1549729792,1545441280,15
394.11146464800004,841.99,1549729792,1545441280,15
394.3332613489997,842.44,1549729792,1545420800,15
394.55479099700005,842.9100000000001,1549729792,1545420800,15
394.77569125699983,843.34,1549729792,1545441280,15
395.00204393399963,843.8100000000001,1549729792,1545441280,15
395.21607300799997,844.25,1549729792,1545441280,15
395.427839252,844.6,1549750272,1545433088,15
395.63717211799985,844.9399999999999,1549750272,1545433088,15
395.8471559759996,845.37,1549750272,1545433088,15
396.0565688429997,845.8,1549750272,1545433088,15
396.2697323379998,846.3,1557749760,1553432576,15
396.4834665979997,846.75,1557749760,1553432576,15
396.69755552299966,847.1899999999999,1557749760,1553432576,15
396.9115569749997,847.73,1557749760,1553432576,15
397.1251511639998,848.17,1557749760,1553432576,15
397.3389189739996,848.62,1557749760,1553444864,15
397.55217775799974,849.05,1557749760,1553444864,15
397.761716082,849.54,1560457216,1556152320,15
397.97569955799963,849.9799999999999,1560457216,1556152320,15
398.18939656099974,850.4100000000001,1560457216,1556168704,15
398.40338560500004,850.86,1560457216,1556168704,15
398.61688685299987,851.4699999999999,1560457216,1556168704,15
398.827889015,851.9200000000001,1560457216,1556168704,15
399.0377356949998,852.34,1560457216,1556168704,15
399.2479480869997,852.78,1560457216,1556168704,15
399.45774870800005,853.19,1560457216,1556168704,15
399.67414592099976,853.65,1560457216,1556168704,15
399.88436555399994,854.08,1560457216,1556168704,15
400.09496145899993,854.51,1599553536,1595244544,15
400.3203191059997,855.08,1549750272,1545412608,15
400.58558096299976,855.52,1549750272,1545433088,15
400.83469608999985,856.13,1549750272,1545433088,15
401.110797067,856.66,1549750272,1545433088,15
401.34593247099974,857.17,1549750272,1545433088,15
401.5748069479996,857.64,1549750272,1545433088,15
401.80060382700003,858.1099999999999,1549750272,1545433088,15
402.0132465319998,858.5400000000001,1549750272,1545433088,15
402.2301292259999,858.98,1549750272,1545445376,15
402.4475798909998,859.4300000000001,1549750272,1545445376,15
402.6803869659998,859.91,1549750272,1545445376,15
402.90759687399986,860.37,1549750272,1545445376,15
403.128696023,860.82,1549750272,1545461760,15
403.3480983559998,861.27,1549750272,1545461760,15
403.58333112499986,861.75,1549750272,1545461760,15
403.80665256899965,862.1999999999999,1549750272,1545461760,15
404.05801790199985,862.72,1549750272,1545461760,15
404.29752710699995,863.2,1549750272,1545461760,15
404.53426737899963,863.7,1549750272,1545461760,15
404.7519882869997,864.14,1549750272,1545461760,15
404.9741751249999,864.6,1549750272,1545441280,15
405.20753646599997,865.08,1549750272,1545441280,15
405.43346023799995,865.53,1549750272,1545441280,15
405.77849331399966,866.17,1549750272,1545461760,15
406.0409291179999,866.7900000000001,1549750272,1545461760,15
406.25728061799964,867.23,1549750272,1545461760,15
406.491662122,867.7,1549750272,1545461760,15
406.7137067239996,868.16,1549750272,1545461760,15
406.96028209999986,868.67,1549750272,1545461760,15
407.182188062,869.12,1549750272,1545461760,15
407.3942009279999,869.56,1549791232,1545474048,15
407.6065021249997,869.8399999999999,1549791232,1545474048,15
407.82070522899994,870.25,1549791232,1545474048,15
408.035031548,870.7,1549791232,1545474048,15
408.2453647379998,871.13,1549791232,1545474048,15
408.4581649319998,871.57,1549791232,1545474048,15
408.6681614859999,872.0600000000001,1549791232,1545474048,15
408.8784098179999,872.5,1549791232,1545474048,15
409.08826690099977,872.9300000000001,1549791232,1545474048,15
409.298618841,873.37,1549791232,1545474048,15
409.5146415009999,873.89,1549791232,1545486336,15
409.73088955699995,874.33,1549791232,1545486336,15
409.94180769900004,874.76,1549791232,1545486336,15
410.15528413599986,875.21,1549791232,1545486336,15
410.369373819,875.65,1560498176,1556209664,15
410.5811167089996,876.1800000000001,1560498176,1556180992,15
410.7923154939999,876.61,1560498176,1556180992,15
411.0028572299998,877.05,1560498176,1556180992,15
411.2185391519997,877.5,1560498176,1556180992,15
411.43254785199997,877.9399999999999,1560498176,1556180992,15
411.6426885679998,878.57,1560489984,1556172800,15
411.8546289709998,879.02,1560489984,1556172800,15
412.07285729999967,879.46,1560489984,1556172800,15
412.28627610099966,879.89,1560489984,1556152320,15
412.4975340699998,880.3299999999999,1560489984,1556180992,15
412.710494808,880.78,1560489984,1556180992,15
412.921285031,881.2,1560489984,1556185088,15
413.140953182,881.6500000000001,1560489984,1556185088,15
413.35333249899986,882.1,1549783040,1545478144,15
413.5629852819998,882.52,1549860864,1545572352,15
413.7723803009999,882.95,1549860864,1545572352,15
413.98215951899965,883.37,1549860864,1545572352,15
414.19203458699985,883.8,1549860864,1545572352,15
414.40247833199965,884.24,1549860864,1545572352,15
414.61636568099993,884.67,1549860864,1545572352,15
414.8305729529998,885.12,1549860864,1545572352,15
415.04514670699973,885.56,1549860864,1545572352,15
415.2556313079999,885.99,1549860864,1545572352,15
415.4659605859997,886.4000000000001,1549860864,1545551872,15
415.67788845199993,886.82,1555759104,1551450112,15
415.8911673749999,887.26,1555759104,1551450112,15
416.10198266999987,887.66,1555759104,1551441920,15
416.31628905499974,888.11,1555759104,1551441920,15
416.52694291199987,888.54,1555759104,1551441920,15
416.73908810099965,888.97,1561784320,1557467136,15
416.9497158979998,889.4,1561784320,1557467136,15
417.16050312499965,889.8299999999999,1567813632,1563496448,15
417.3829514859999,890.29,1567813632,1563496448,15
417.59563731499975,890.72,1602150400,1597067264,15
417.80977270799985,891.15,1581047808,1640742912,15
418.0237934949996,891.6,1634000896,1629696000,15
418.2350516219999,892.05,1590132736,1585827840,15
418.47219276199985,892.66,1590132736,1585827840,15
418.69746423399965,893.1300000000001,1590132736,1585827840,15
418.92391421699995,893.6,1590132736,1585844224,15
419.16173656399997,894.08,1590132736,1585844224,15
419.38741312599996,894.5400000000001,1590132736,1585844224,15
419.604064612,894.99,1590132736,1585844224,15
419.81905280599995,895.4399999999999,1590132736,1585844224,15
420.0323643219999,895.87,1590132736,1585844224,15
420.24806532599996,896.31,1590132736,1585844224,15
420.4692961179999,896.76,1590132736,1585844224,15
420.707207164,897.2199999999999,1590132736,1585844224,15
420.9971730309999,897.8399999999999,1590132736,1585823744,15
421.22569821199977,898.32,1590132736,1585823744,15
421.4568341989998,898.7800000000001,1590132736,1585844224,15
421.6907438899998,899.27,1590132736,1585844224,15
421.9248036879999,899.75,1590132736,1585844224,15
422.1468612919998,900.21,1590132736,1585844224,15
422.3758548249998,900.67,1590132736,1585844224,15
422.6051952349999,901.15,1590132736,1585844224,15
422.8432164379997,901.64,1590132736,1585844224,15
423.07894994299977,902.0999999999999,1590132736,1585844224,15
423.3071160029999,902.5799999999999,1590132736,1585844224,15
423.53960922399983,903.0400000000001,1590132736,1585844224,15
423.75737977799963,903.51,1590132736,1585844224,15
423.98422753099976,903.97,1590132736,1585844224,15
424.2197739539997,904.44,1590132736,1585844224,15
424.45849166699963,904.92,1590132736,1585844224,15
424.6930680129999,905.41,1590132736,1585844224,15
424.91649967299963,905.87,1590132736,1585844224,15
425.1350310939997,906.3299999999999,1590132736,1585844224,15
425.39634763899994,906.8599999999999,1590132736,1585844224,15
425.6534834639997,907.38,1590132736,1585844224,15
425.8903747989998,907.87,1590132736,1585844224,15
426.10610579900003,908.3100000000001,1590132736,1585844224,15
426.32980325399967,908.77,1590132736,1585844224,15
426.5477720869999,909.22,1590132736,1585844224,15
426.7679638149998,909.67,1590132736,1585844224,15
427.0024769759998,910.14,1590132736,1585844224,15
427.227004629,910.6099999999999,1590132736,1585844224,15
427.5085775859998,911.1800000000001,1590132736,1585844224,15
427.7187018329996,911.62,1590153216,1585836032,15
427.9289758259997,911.88,1590153216,1585836032,15
428.1388083779998,912.3,1590145024,1585827840,15
428.348481686,912.72,1590145024,1585827840,15
428.55843364799966,913.15,1590145024,1585827840,15
428.76914149000004,913.66,1590145024,1585827840,15
428.97973573499985,914.09,1590145024,1585827840,15
429.1907896319999,914.53,1590145024,1585827840,15
429.4010483909997,915.0500000000001,1590145024,1585827840,15
429.611680082,915.48,1590145024,1585827840,15
429.8229356019997,915.91,1590145024,1585840128,15
430.03341593000005,916.34,1590145024,1585840128,15
430.2431582559998,916.87,1590145024,1585840128,15
430.45339457,917.3,1590145024,1585840128,15
430.6629625779997,917.73,1590145024,1585856512,15
430.87416779299974,918.16,1590153216,1585856512,18
431.0972689219998,918.77,1590145024,1585856512,15
431.30750160599973,919.2,1590145024,1585856512,15
431.5176495129999,919.62,1590145024,1585856512,15
431.728990653,920.04,1590145024,1585856512,15
431.94024247399966,920.48,1590145024,1585856512,15
432.1508427069998,920.9100000000001,1590145024,1585827840,15
432.4114031849999,921.59,1590145024,1585827840,15
432.63850015599974,922.0500000000001,1590145024,1585807360,15
432.86701151299985,922.53,1590145024,1585807360,15
433.10029249299987,923.01,1590145024,1585827840,15
433.3138934939998,923.45,1590145024,1585827840,15
433.54562571999986,923.91,1590145024,1585827840,15
433.7753321089999,924.39,1590145024,1585827840,15
434.0055850599997,924.8399999999999,1590145024,1585827840,15
434.22174828299967,925.3000000000001,1590145024,1585840128,15
434.4387268389996,925.74,1590145024,1585840128,15
434.65404450200003,926.19,1590145024,1585840128,15
434.875642771,926.64,1590145024,1585840128,15
435.1246294859998,927.15,1590145024,1585856512,15
435.39515509199964,927.6899999999999,1590145024,1585856512,15
435.6103379019996,928.15,1590145024,1585856512,15
435.83139291199996,928.5999999999999,1590145024,1585856512,15
436.0538693839999,929.06,1590145024,1585856512,15
436.27597330399976,929.5200000000001,1590145024,1585856512,15
436.5028131079998,929.98,1590145024,1585856512,15
436.72020390499983,930.4200000000001,1590145024,1585856512,15
436.97563149200005,930.9300000000001,1590145024,1585856512,15
437.2214323539997,931.46,1590145024,1585836032,15
437.4440640169996,931.91,1590145024,1585836032,15
437.66537976699965,932.37,1590145024,1585856512,15
437.8853975269999,932.8199999999999,1590145024,1585856512,15
438.1017384889997,933.26,1590181888,1585827840,15
438.3128272969998,933.59,1590181888,1585864704,15
438.52347276,933.9200000000001,1590181888,1585864704,15
438.7381231199997,934.36,1590181888,1585864704,15
438.94802073699975,934.8000000000001,1590181888,1585864704,15
439.16042103599966,935.32,1590181888,1585864704,15
439.37052845399967,935.74,1590181888,1585864704,15
439.5806302789997,936.1700000000001,1590181888,1585864704,15
439.79050485499965,936.6,1590181888,1585864704,15
440.0020557789999,937.12,1590173696,1585856512,15
440.21215801499966,937.5600000000001,1590173696,1585868800,15
440.422820669,937.99,1590173696,1585868800,15
440.6324667869999,938.42,1590173696,1585868800,15
440.84260025000003,938.95,1590181888,1585876992,15
441.0524800449998,939.37,1590181888,1585893376,15
441.26331724199963,939.8100000000001,1590181888,1585893376,15
441.47932251999964,940.26,1590181888,1585893376,15
441.68946779,940.83,1590181888,1585893376,15
441.89971194400005,941.26,1590181888,1585893376,15
442.11015776199974,941.6899999999999,1590181888,1585893376,15
442.32056288800004,942.12,1590181888,1585893376,15
442.530750207,942.56,1590185984,1585897472,15
442.7412411229998,942.99,1592287232,1587998720,15
442.9575740639998,943.58,1549959168,1545621504,15
443.1813128959998,944.0300000000001,1549959168,1545621504,15
443.41352177399995,944.51,1549959168,1545641984,15
443.6587851569998,945.02,1549959168,1545641984,15
443.8748679,945.46,1549959168,1545641984,15
444.09889700999975,945.91,1549959168,1545641984,15
444.3219817459999,946.38,1549959168,1545641984,15
444.5475825239996,946.8399999999999,1549959168,1545641984,15
444.771517186,947.3,1549959168,1545641984,15
445.07364767499985,947.85,1549959168,1545654272,15
445.36616808400004,948.51,1549959168,1545654272,15
445.604230209,949.0,1549959168,1545654272,15
445.83003513999984,949.46,1549959168,1545670656,15
446.0615359059998,949.93,1549959168,1545670656,15
446.284699457,950.39,1549959168,1545670656,15
446.510365309,950.8599999999999,1549959168,1545670656,15
446.8520793069997,951.5300000000001,1549959168,1545670656,15
447.07258922899973,952.01,1549959168,1545670656,15
447.28266742899996,952.4300000000001,1549959168,1545670656,15
447.50478550399976,952.88,1549959168,1545670656,15
447.71950155299965,953.32,1549959168,1545650176,15
447.9375682919999,953.77,1549959168,1545650176,15
448.15241591999984,954.21,1549959168,1545670656,15
448.369901774,954.65,1549963264,1545674752,15
448.58882557499965,955.1,1549963264,1545674752,15
448.80363252200004,955.55,1549963264,1545674752,15
449.02069174300004,955.9799999999999,1549963264,1545674752,15
449.23757611999963,956.4300000000001,1549963264,1545674752,15
449.45414816699986,956.87,1549963264,1545674752,15
449.72051483899986,957.4200000000001,1549963264,1545674752,15
449.93223559399985,957.82,1549987840,1545670656,15
450.14218925199975,958.11,1549987840,1545670656,15
450.3527706589998,958.53,1549987840,1545670656,15
450.56215031700003,958.96,1549987840,1545670656,15
450.7720768129998,959.45,1549979648,1545662464,15
450.982091156,959.91,1549979648,1545662464,15
451.19175083499977,960.33,1549979648,1545662464,15
451.40204297699984,960.83,1549987840,1545670656,15
451.61148553899966,961.29,1549987840,1545670656,15
451.8210200499998,961.71,1549987840,1545682944,15
452.0305936189998,962.15,1549987840,1545682944,15
452.2410418919999,962.5799999999999,1560698880,1556389888,18
452.4519402779997,963.1,1560694784,1556389888,15
452.6649956739998,963.54,1560694784,1556406272,15
452.87640924699963,963.97,1560694784,1556406272,15
453.08886078299975,964.41,1560707072,1556414464,19
453.29831281199995,965.0,1560694784,1556406272,15
453.50839212599976,965.4300000000001,1560694784,1556406272,15
453.71850150599994,965.87,1560694784,1556406272,15
453.92842629300003,966.3,1560694784,1556406272,15
454.13816478399985,966.72,1560694784,1556406272,15
454.34828580999965,967.15,1560694784,1556406272,15
454.5596495579998,967.5899999999999,1596542976,1595502592,15
454.76954224999963,968.05,1550114816,1545777152,15
454.97899000999996,968.48,1550114816,1545777152,15
455.18860928899994,968.9100000000001,1550114816,1545797632,15
455.3977803829998,969.33,1550114816,1545797632,15
455.6074178089998,969.76,1550114816,1545797632,15
455.817147105,970.19,1550114816,1545797632,15
456.02713357699986,970.62,1550114816,1545797632,15
456.2380496009996,971.04,1550114816,1545797632,15
456.451694547,971.48,1550114816,1545797632,15
456.66133023099974,971.91,1550114816,1545809920,15
456.87188037299984,972.3299999999999,1555677184,1551372288,15
457.0817404149998,972.75,1558523904,1554219008,15
457.291840329,973.1800000000001,1564217344,1559912448,15
457.5012767019998,973.61,1567059968,1562771456,15
457.71276799299994,974.0200000000001,1567059968,1562771456,15
457.92926520799983,974.46,1608142848,1603854336,15
458.14005657300004,974.9,1618759680,1614471168,15
458.3502258419999,975.3399999999999,1579982848,1575694336,15
458.5935855409998,976.01,1579982848,1575694336,15
458.85755492199996,976.5300000000001,1579982848,1575694336,15
459.0871196009998,977.0200000000001,1579982848,1575694336,15
459.30787281999983,977.47,1579982848,1575694336,15
459.5228790389997,977.91,1579982848,1575673856,15
459.7423250669999,978.36,1579982848,1575673856,15
459.981827649,978.85,1579982848,1575694336,15
460.196343608,979.29,1579982848,1575694336,15
460.420571354,979.75,1579982848,1575694336,15
460.6421306279999,980.1999999999999,1579982848,1575694336,15
460.86054076599976,980.65,1579982848,1575694336,15
461.07768458099963,981.0899999999999,1579982848,1575694336,15
461.3062326119998,981.5500000000001,1579982848,1575694336,15
461.52112376900004,982.01,1579982848,1575694336,15
461.7390270379997,982.44,1579982848,1575694336,15
461.9700885259999,982.9300000000001,1579982848,1575694336,15
462.20584907700004,983.41,1579982848,1575694336,15
462.43667790599966,983.88,1579982848,1575694336,15
462.6644235429999,984.3199999999999,1579982848,1575694336,15
462.90134975,984.8399999999999,1579982848,1575694336,15
463.1458232929999,985.29,1579982848,1575694336,15
463.4733610989997,986.01,1579982848,1575694336,15
463.69529909799985,986.46,1579982848,1575694336,15
463.9241479719999,986.93,1579982848,1575694336,15
464.1601217499997,987.4,1579982848,1575694336,15
464.38711285399995,987.88,1579982848,1575694336,15
464.66751598699966,988.3399999999999,1579982848,1575694336,15
465.0925178489997,989.32,1579982848,1575694336,15
465.3145257029996,989.78,1579982848,1575694336,15
465.5417928429997,990.24,1579982848,1575694336,15
465.76493951899965,990.7,1579982848,1575694336,15
465.99559229099987,991.17,1579982848,1575694336,15
466.2109491819997,991.61,1579982848,1575694336,15
466.43202489099986,992.0699999999999,1579982848,1575694336,15
466.6623274609997,992.54,1579982848,1575694336,15
466.876600607,992.99,1579982848,1575694336,15
467.19268490099967,993.63,1579982848,1575694336,15
467.41738677199965,994.08,1579982848,1575694336,15
467.64378234499964,994.55,1579982848,1575694336,15
467.8627366339997,995.0,1579982848,1575694336,15
468.08452342600003,995.4599999999999,1579982848,1575694336,15
468.3008533299999,995.9,1579982848,1575694336,15
468.516485051,996.3499999999999,1579982848,1575694336,15
468.73317264299976,996.78,1579982848,1575694336,15
468.9528860659998,997.23,1579982848,1575694336,15
469.17285493500003,997.69,1579982848,1575694336,15
469.40808457599996,998.1700000000001,1579982848,1575694336,15
469.62855832800005,998.62,1579982848,1575694336,15
469.84760095799993,999.0699999999999,1579982848,1575694336,15
470.069744421,999.51,1579982848,1575694336,15
470.28938398599985,999.97,1579982848,1575694336,15
470.5020902409997,1000.38,1580036096,1575718912,15
470.7154133209997,1000.6600000000001,1580044288,1575727104,15
470.92894280699966,1001.09,1580044288,1575727104,15
471.14248953900005,1001.5300000000001,1580044288,1575727104,15
471.3559592849997,1002.0500000000001,1580036096,1575718912,15
471.5698409209999,1002.5,1580036096,1575718912,15
471.7835809349999,1002.94,1580036096,1575718912,15
471.9946899929996,1003.37,1580056576,1575723008,23
472.2086200929998,1003.89,1580036096,1575718912,15
472.418641021,1004.32,1580036096,1575731200,15
472.6292856689997,1004.74,1580036096,1575731200,15
472.84486016699975,1005.23,1580036096,1575882752,15
473.05503739999995,1005.7,1580036096,1575731200,15
473.2661621469997,1006.12,1580036096,1575747584,15
473.4756265159999,1006.56,1580036096,1575747584,15
473.690037246,1007.1099999999999,1580036096,1575747584,15
473.900101749,1007.58,1580036096,1575747584,15
474.11088499599964,1008.03,1580036096,1575747584,15
474.32031887999983,1008.44,1580036096,1575747584,15
474.530398246,1008.88,1580036096,1575747584,15
474.74110600899985,1009.31,1580036096,1575747584,15
474.95357304399977,1009.8299999999999,1555496960,1551179776,15
475.16532589300004,1010.32,1555496960,1551159296,15
475.3819991759997,1010.76,1555496960,1551159296,15
475.6000792709997,1011.22,1555496960,1551159296,15
475.81669685099996,1011.65,1555496960,1551179776,15
476.03423339599976,1012.09,1555496960,1551179776,15
476.2514881869997,1012.55,1555496960,1551179776,15
476.4697664399996,1012.99,1555496960,1551179776,15
476.68776815599995,1013.43,1555496960,1551179776,15
476.90231885000003,1013.87,1555496960,1551192064,15
477.14875466800004,1014.39,1555496960,1551192064,15
477.36767263599995,1014.83,1555496960,1551192064,15
477.5910852789998,1015.29,1555496960,1551192064,15
477.81278677299997,1015.75,1555496960,1551208448,15
478.0281842649997,1016.1899999999999,1555496960,1551208448,15
478.249076179,1016.63,1555496960,1551208448,15
478.4648757279997,1017.0799999999999,1555496960,1551208448,15
478.68367569799966,1017.53,1555496960,1551208448,15
478.89793284300004,1017.9599999999999,1555496960,1551208448,15
479.11284087700005,1018.4,1555496960,1551208448,15
479.3295191399998,1018.85,1555496960,1551208448,15
479.5442721019999,1019.2900000000001,1555496960,1551208448,15
479.75898181799994,1019.72,1555496960,1551187968,15
479.9745502679998,1020.17,1555496960,1551187968,15
480.1895996059998,1020.61,1555496960,1551208448,15
480.41379955599996,1021.06,1555496960,1551208448,15
480.63142015899984,1021.51,1555496960,1551208448,15
480.851931789,1021.9599999999999,1555496960,1551208448,15
481.07111146199986,1022.41,1555496960,1551208448,15
481.28358817299977,1022.8499999999999,1555496960,1551208448,15
481.4978482309998,1023.29,1555496960,1551208448,15
481.7182077919997,1023.73,1555496960,1551208448,15
481.93989061799994,1024.18,1555496960,1551208448,15
482.1561455029996,1024.6299999999999,1555496960,1551208448,15
482.37152051199973,1025.07,1555496960,1551208448,15
482.59686771999986,1025.51,1555496960,1551208448,15
482.8098547699997,1025.96,1555496960,1551208448,15
483.0291509689996,1026.41,1555496960,1551208448,15
483.24358564999966,1026.8600000000001,1555496960,1551208448,15
483.45614169600003,1027.29,1555496960,1551208448,15
483.6727821309996,1027.73,1555496960,1551208448,15
483.8872158219997,1028.17,1555496960,1551208448,15
484.1037167739996,1028.62,1555496960,1551208448,15
484.3273824759999,1029.07,1555496960,1551208448,15
484.5426565589996,1029.52,1555496960,1551208448,15
484.76502888999994,1029.97,1555496960,1551208448,15
484.9822785409997,1030.4099999999999,1555496960,1551208448,15
485.19874123599993,1030.8500000000001,1555496960,1551208448,15
485.4223949399998,1031.3,1555496960,1551208448,15
485.6419118089998,1031.76,1555496960,1551208448,15
485.86147588899985,1032.22,1555496960,1551208448,15
486.08246391600005,1032.66,1555496960,1551208448,15
486.297640364,1033.11,1555496960,1551208448,15
486.5136400819997,1033.54,1555496960,1551208448,15
486.72864526099966,1033.98,1555496960,1551208448,15
486.94441228899996,1034.4299999999998,1555496960,1551208448,15
487.160536545,1034.87,1555496960,1551208448,15
487.37768697799993,1035.31,1555496960,1551208448,15
487.633252697,1035.83,1555496960,1551208448,15
487.86874058700005,1036.33,1555496960,1551208448,15
488.08628019599973,1036.77,1555496960,1551208448,15
488.3040506719999,1037.21,1555496960,1551208448,15
488.5234831449998,1037.67,1555496960,1551208448,15
488.7472399139997,1038.1299999999999,1555496960,1551208448,15
488.96890120499984,1038.54,1555533824,1551216640,15
489.183436757,1038.8200000000002,1555533824,1551216640,15
489.39335008199987,1039.25,1555533824,1551216640,15
489.60486305899985,1039.68,1555533824,1551216640,15
489.81715729300004,1040.1499999999999,1555566592,1551392768,17
490.0275775169998,1040.6200000000001,1555533824,1551216640,15
490.2374772819999,1041.05,1555533824,1551216640,15
490.44885603099965,1041.49,1555582976,1551224832,24
490.6595236439998,1042.01,1555533824,1551216640,15
490.86999359799984,1042.42,1555533824,1551228928,15
491.0798843089997,1042.8700000000001,1555533824,1551228928,15
491.2970088779998,1043.37,1582608384,1578303488,15
491.5197264809999,1043.8700000000001,1582608384,1578303488,15
491.72961141299993,1044.3,1582608384,1578319872,15
491.94015063200004,1044.73,1582608384,1578319872,15
492.17151932399975,1045.35,1582862336,1578545152,33
492.38201568299974,1045.8400000000001,1582608384,1578319872,15
492.591886444,1046.28,1582608384,1578319872,15
492.80142313199985,1046.7,1582608384,1578319872,15
493.0150121669999,1047.15,1582608384,1578319872,15
493.22842389499965,1047.59,1582608384,1578319872,15
493.4389733519997,1048.02,1582608384,1578319872,15
493.6481200059998,1048.46,1550225408,1545916416,15
493.87474700899975,1048.98,1550225408,1545887744,15
494.1101488669997,1049.46,1550225408,1545887744,15
494.4014628099999,1050.06,1550225408,1545908224,15
494.61527561599996,1050.5,1550225408,1545908224,15
494.8308652849996,1050.94,1550225408,1545908224,15
495.0563371469998,1051.4,1550225408,1545908224,15
495.2689590929999,1051.84,1550225408,1545908224,15
495.4906976039997,1052.28,1550225408,1545908224,15
495.72033027299995,1052.75,1550225408,1545920512,15
495.94735366299983,1053.22,1550225408,1545920512,15
496.1671884989996,1053.67,1550225408,1545920512,15
496.40464061700004,1054.1499999999999,1550225408,1545920512,15
496.6340332589998,1054.63,1550225408,1545936896,15
496.856734425,1055.08,1550225408,1545936896,15
497.0815521319996,1055.54,1550225408,1545936896,15
497.3097773739996,1056.01,1550225408,1545936896,15
497.531506585,1056.47,1550225408,1545936896,15
497.76408296499994,1056.95,1550225408,1545936896,15
497.9982736369998,1057.42,1550225408,1545936896,15
498.2212187719997,1057.8799999999999,1550225408,1545936896,15
498.4338916339998,1058.32,1550225408,1545916416,15
498.653831009,1058.76,1550225408,1545916416,15
498.8672909679999,1059.21,1550225408,1545916416,15
499.1162426769997,1059.71,1550225408,1545936896,15
499.33236861399973,1060.16,1550225408,1545936896,15
499.5446054289996,1060.59,1550225408,1545936896,15
499.7642023169997,1061.04,1550225408,1545936896,15
499.98666043699995,1061.49,1550225408,1545936896,15
500.20064709999997,1061.93,1550225408,1545936896,15
500.4141455979998,1062.37,1550225408,1545936896,15
500.6366819959999,1062.83,1550225408,1545936896,15
500.8526371949997,1063.27,1550225408,1545936896,15
501.076475456,1063.73,1550225408,1545936896,15
501.28999594399966,1064.16,1550225408,1545936896,15
501.51077527200005,1064.6100000000001,1550225408,1545936896,15
501.728765546,1065.06,1550225408,1545936896,15
501.94313159700005,1065.51,1550225408,1545936896,15
502.16560988499987,1065.95,1550225408,1545936896,15
502.39468086399984,1066.42,1550225408,1545936896,15
502.62045722799985,1066.8899999999999,1550225408,1545936896,15
502.85848928199994,1067.37,1550225408,1545936896,15
503.17975235899985,1068.04,1550225408,1545936896,15
503.40373437399967,1068.5,1550225408,1545936896,15
503.6430367319999,1068.99,1550225408,1545936896,15
503.8598522359998,1069.43,1550225408,1545936896,15
504.07260368399966,1069.8600000000001,1550225408,1545936896,15
504.2855834469997,1070.3,1550225408,1545936896,15
504.49956553599986,1070.74,1550225408,1545936896,15
504.71823212399977,1071.18,1550225408,1545936896,15
504.97353491199965,1071.7,1550225408,1545936896,15
505.25942729200005,1072.3,1550225408,1545936896,15
505.47467948899975,1072.73,1550225408,1545936896,15
505.691316464,1073.18,1550225408,1545936896,15
505.9094818229996,1073.63,1550225408,1545936896,15
506.13800154399996,1074.1,1550225408,1545936896,15
506.36640874099976,1074.56,1550225408,1545936896,15
506.5931049679998,1075.03,1550225408,1545936896,15
506.8305794599996,1075.51,1550225408,1545936896,15
507.068176668,1075.99,1550225408,1545936896,15
507.2864085179999,1076.45,1550225408,1545936896,15
507.51724155099964,1076.92,1550225408,1545936896,15
507.7388511219997,1077.3700000000001,1550225408,1545936896,15
507.95874187399977,1077.83,1550225408,1545936896,15
508.16910309299965,1078.19,1550278656,1545961472,15
508.378418366,1078.47,1550278656,1545961472,15
508.59187152899995,1078.91,1550278656,1545961472,15
508.8011139219998,1079.33,1550278656,1545961472,15
509.0108323219997,1079.83,1550278656,1545961472,15
509.22331719199974,1080.29,1550278656,1545961472,15
509.4372493139999,1080.72,1550278656,1545961472,15
509.65093400199976,1081.26,1558278144,1553960960,15
509.86482524099983,1081.7,1558278144,1553960960,15
510.0788951499999,1082.15,1558278144,1553973248,15
510.29371931499963,1082.5900000000001,1558278144,1553973248,15
510.50302943999986,1083.12,1564524544,1560219648,15
510.71666447300004,1083.55,1564524544,1560219648,15
510.9307590889998,1084.0,1564524544,1560236032,15
511.1415680529999,1084.43,1564524544,1560236032,15
511.35220846799984,1085.03,1564524544,1560236032,15
511.56308872,1085.46,1564524544,1560236032,15
511.7732449199998,1085.8899999999999,1564524544,1560236032,15
511.9866705979998,1086.33,1564524544,1560236032,15
512.1979099799996,1086.76,1564524544,1560236032,15
512.4109767369996,1087.2,1564524544,1560236032,15
512.6217951849999,1087.6399999999999,1571954688,1567637504,15
512.8320140799997,1088.0900000000001,1572020224,1567682560,15
513.0432073329998,1088.52,1572020224,1567682560,15
513.2528185719998,1088.95,1572020224,1567703040,15
513.4626302729998,1089.38,1572020224,1567703040,15
513.6722604909996,1089.81,1572020224,1567703040,15
513.8840439229998,1090.24,1572020224,1567703040,15
514.0940586399997,1090.67,1572020224,1567703040,15
514.303692904,1091.08,1572020224,1567703040,15
514.5132784089997,1091.51,1572020224,1567703040,15
514.7248506579999,1091.94,1572020224,1567715328,15
514.9360381479996,1092.36,1572020224,1567715328,15
515.1460381829997,1092.79,1572020224,1567715328,15
515.355706027,1093.1999999999998,1572020224,1567715328,15
515.5651452969996,1093.61,1572020224,1567731712,15
515.7751599839999,1094.05,1572020224,1567731712,15
515.9845043799996,1094.4699999999998,1572020224,1567731712,15
516.1940765709996,1094.87,1572020224,1567731712,15
516.4073617109998,1095.3200000000002,1629507584,1625219072,15
516.6183123439996,1095.75,1621118976,1616830464,15
516.832379383,1096.19,1591369728,1586880512,15
517.0590475939998,1096.85,1591455744,1587167232,15
517.2883573909999,1097.32,1591455744,1587167232,15
517.5338924059997,1097.82,1591455744,1587146752,15
517.7553750009997,1098.2800000000002,1591455744,1587146752,15
517.9778389599996,1098.73,1591455744,1587167232,15
518.2112105689998,1099.2,1591455744,1587167232,15
518.4299440159998,1099.66,1591455744,1587167232,15
518.6533396599998,1100.1100000000001,1591455744,1587167232,15
518.973051899,1100.71,1591455744,1587167232,15
519.201580469,1101.24,1591455744,1587167232,15
519.4324010319997,1101.7,1591455744,1587167232,15
519.6779710249998,1102.21,1591455744,1587167232,15
519.978718547,1102.83,1591455744,1587167232,15
520.2477790319999,1103.3899999999999,1591455744,1587167232,15
520.5244949159996,1103.9599999999998,1591455744,1587167232,15
520.7505167579998,1104.4199999999998,1591455744,1587167232,15
520.9758204069999,1104.8799999999999,1591455744,1587167232,15
521.206040044,1105.3500000000001,1591455744,1587167232,15
521.4273309659998,1105.8100000000002,1591455744,1587167232,15
521.657604386,1106.27,1591455744,1587167232,15
521.894748664,1106.77,1591455744,1587167232,15
522.1127236939997,1107.21,1591455744,1587167232,15
522.3322351029997,1107.67,1591455744,1587167232,15
522.549042307,1108.1100000000001,1591455744,1587167232,15
522.772482197,1108.56,1591455744,1587167232,15
522.9942294759999,1109.02,1591455744,1587167232,15
523.2160123039998,1109.48,1591455744,1587167232,15
523.434546251,1109.93,1591455744,1587167232,15
523.6609000819999,1110.3799999999999,1591455744,1587167232,15
523.8908514759996,1110.86,1591455744,1587167232,15
524.1121356029998,1111.32,1591455744,1587167232,15
524.3296797969997,1111.76,1591455744,1587167232,15
524.592148488,1112.3,1591455744,1587167232,15
525.0215663209997,1113.17,1591455744,1587167232,15
525.3596971729999,1113.89,1591455744,1587167232,15
525.6074007799998,1114.3700000000001,1591455744,1587167232,15
525.8747738299999,1114.95,1591455744,1587167232,15
526.127810645,1115.45,1591455744,1587167232,15
526.3709882899998,1115.96,1591455744,1587167232,15
526.646625846,1116.53,1591455744,1587167232,15
526.8952770199999,1117.03,1591455744,1587167232,15
527.1778075499997,1117.62,1591455744,1587167232,15
527.4572314229999,1118.2,1591455744,1587167232,15
527.6871338009996,1118.6499999999999,1591455744,1587167232,15
527.9981733069999,1119.3,1591455744,1587167232,15
528.2694611279999,1119.86,1591455744,1587167232,15
528.4977976159998,1120.3300000000002,1591455744,1587167232,15
528.718780742,1120.7700000000002,1591455744,1587167232,15
528.9925238429996,1121.3200000000002,1591455744,1587167232,15
529.2639524659999,1121.89,1591455744,1587167232,15
529.555883778,1122.51,1591455744,1587167232,15
529.8666473629996,1123.1399999999999,1591455744,1587167232,15
530.1276286959996,1123.68,1591455744,1587167232,15
530.343384964,1124.1299999999999,1591455744,1587167232,15
530.5619224339998,1124.58,1591455744,1587167232,15
530.7777279419997,1125.02,1591455744,1587167232,15
530.993866802,1125.4599999999998,1591455744,1587167232,15
531.2147159859996,1125.9099999999999,1591455744,1587167232,15
531.4317582219996,1126.36,1591455744,1587167232,15
531.649413313,1126.8000000000002,1591455744,1587167232,15
531.8861758599996,1127.2900000000002,1591455744,1587167232,15
532.1052474449998,1127.74,1591455744,1587167232,15
532.3211027929997,1128.19,1591455744,1587167232,15
532.5494527809997,1128.65,1591455744,1587167232,15
532.7840466569996,1129.13,1591455744,1587167232,15
533.0085336839998,1129.58,1591455744,1587167232,15
533.243338362,1130.06,1591455744,1587167232,15
533.47070734,1130.53,1591455744,1587167232,15
533.685176937,1130.97,1591455744,1587167232,15
533.9029001629997,1131.42,1591455744,1587167232,15
534.1192922779996,1131.87,1591455744,1587167232,15
534.3337292749998,1132.3,1591455744,1587167232,15
534.5514847049999,1132.75,1591455744,1587167232,15
534.7688798869999,1133.19,1591455744,1587167232,15
534.9849876129997,1133.6399999999999,1591455744,1587167232,15
535.2100595929996,1134.1,1591455744,1587167232,15
535.4339064229998,1134.56,1591455744,1587167232,15
535.6709138019996,1135.05,1591455744,1587167232,15
535.8882949629997,1135.49,1591455744,1587167232,15
536.1131984239996,1135.95,1591455744,1587167232,15
536.3318005189999,1136.4,1591455744,1587167232,15
536.548007115,1136.8400000000001,1591455744,1587167232,15
536.7706782519999,1137.3100000000002,1591455744,1587167232,15
536.9977614499999,1137.77,1591455744,1587167232,15
537.2204674199997,1138.23,1591455744,1587167232,15
537.4395040599998,1138.68,1591455744,1587167232,15
537.6608144669999,1139.13,1591455744,1587167232,15
537.883008106,1139.6,1591455744,1587167232,15
538.130158806,1140.1,1591455744,1587167232,15
538.372733356,1140.6,1591455744,1587167232,15
538.5923562089997,1141.05,1591455744,1587167232,15
538.8079440869997,1141.49,1591455744,1587167232,15
539.0285200169997,1141.9499999999998,1591455744,1587167232,15
539.248963047,1142.3999999999999,1591455744,1587167232,15
539.4713112179998,1142.86,1591455744,1587167232,15
539.686270105,1143.29,1591455744,1587167232,15
539.9013911269999,1143.7299999999998,1591455744,1587167232,15
540.116848446,1144.17,1591455744,1587167232,15
540.3369472999998,1144.63,1591455744,1587167232,15
540.5876263219998,1145.14,1591455744,1587167232,15
540.8268972869996,1145.64,1591455744,1587167232,15
541.0491752149997,1146.0900000000001,1591455744,1587167232,15
541.2859786999998,1146.56,1591455744,1587167232,15
541.514522078,1147.05,1591455744,1587167232,15
541.745765056,1147.52,1591455744,1587167232,15
541.9718468849996,1147.98,1591455744,1587167232,15
542.214300398,1148.47,1591455744,1587167232,15
542.4385112669997,1148.94,1591455744,1587167232,15
542.674150245,1149.42,1591455744,1587167232,15
542.9091397129996,1149.8999999999999,1591455744,1587167232,15
543.1290506219998,1150.35,1591455744,1587167232,15
543.3609825929998,1150.82,1591455744,1587167232,15
543.5809301069999,1151.27,1591455744,1587167232,15
543.8011534459997,1151.73,1591455744,1587167232,15
544.0153995679998,1152.1599999999999,1591455744,1587167232,15
544.2425121299998,1152.62,1591455744,1587167232,15
544.467086097,1153.09,1591455744,1587167232,15
544.6771618129997,1153.5200000000002,1591455744,1587138560,15
544.887220308,1153.7700000000002,1591455744,1587138560,15
545.0980044569997,1154.17,1591455744,1587138560,15
545.3085308519999,1154.6100000000001,1591455744,1587138560,15
545.5308217879997,1155.08,1591566336,1587310592,19
545.7415105929999,1155.53,1591455744,1587138560,15
545.9554361109999,1155.97,1591455744,1587138560,15
546.1687830129999,1156.4699999999998,1591455744,1587138560,15
546.3785241839996,1156.93,1591455744,1587138560,15
546.588562334,1157.3600000000001,1591455744,1587138560,15
546.797958436,1157.7900000000002,1591455744,1587150848,15
547.0120571399998,1158.33,1591455744,1587150848,15
547.2257941189996,1158.76,1591455744,1587150848,15
547.435699999,1159.21,1591455744,1587167232,15
547.6453787269998,1159.62,1591455744,1587167232,15
547.8552114969998,1160.1899999999998,1591463936,1587175424,15
548.0701921,1160.65,1591463936,1587175424,15
548.2800154259999,1161.0800000000002,1591463936,1587175424,15
548.4899279459996,1161.5,1591463936,1587175424,15
548.7010473269997,1161.95,1591463936,1587175424,15
548.9131427279999,1162.38,1591463936,1587175424,15
549.125345251,1162.81,1594191872,1588486144,15
549.3414580669996,1163.42,1550438400,1546121216,15
549.5591666189998,1163.8700000000001,1550438400,1546100736,15
549.8197972889998,1164.4,1550438400,1546100736,15
550.1440352929999,1165.09,1550438400,1546121216,15
550.400496619,1165.61,1550438400,1546121216,15
550.7075476599998,1166.2,1550438400,1546121216,15
551.2544340199997,1167.26,1550438400,1546121216,15
551.5647497299997,1168.01,1550438400,1546133504,15
551.8453949639998,1168.5800000000002,1550438400,1546133504,15
552.0718166669999,1169.04,1550438400,1546133504,15
552.3107668819998,1169.54,1550438400,1546149888,15
552.537101894,1170.0,1550438400,1546149888,15
552.7637666329997,1170.46,1550438400,1546149888,15
552.9882850079998,1170.92,1550438400,1546149888,15
553.2162481739997,1171.39,1550438400,1546149888,15
553.4491540099998,1171.87,1550438400,1546149888,15
553.6918515819998,1172.36,1550438400,1546149888,15
553.9146738599998,1172.82,1550438400,1546149888,15
554.1421747749996,1173.29,1550438400,1546129408,15
554.3654134409999,1173.75,1550438400,1546129408,15
554.5905661209999,1174.2099999999998,1550438400,1546149888,15
554.8070911499999,1174.6599999999999,1550438400,1546149888,15
555.0353490549996,1175.11,1550438400,1546149888,15
555.2596926359997,1175.5700000000002,1550438400,1546149888,15
555.502140432,1176.0700000000002,1550438400,1546149888,15
555.7391017699997,1176.5600000000002,1550438400,1546149888,15
555.958162039,1177.01,1550438400,1546149888,15
556.1749739529996,1177.46,1550438400,1546149888,15
556.3935932569998,1177.9,1550438400,1546149888,15
556.6128387149997,1178.3500000000001,1550438400,1546149888,15
556.835695325,1178.79,1550438400,1546149888,15
557.0521822849996,1179.25,1550438400,1546149888,15
557.2682796179997,1179.69,1550438400,1546149888,15
557.4850263119997,1180.13,1550438400,1546149888,15
557.6993342549999,1180.58,1550438400,1546149888,15
557.915992106,1181.01,1550438400,1546149888,15
558.1378970799997,1181.47,1550438400,1546149888,15
558.3786988239999,1181.96,1550438400,1546149888,15
558.5946974809999,1182.4099999999999,1550438400,1546149888,15
558.8181898819998,1182.86,1550438400,1546149888,15
559.0403695499999,1183.32,1550438400,1546149888,15
559.2790937719997,1183.8,1550438400,1546149888,15
559.4911146039999,1184.25,1550471168,1546153984,15
559.702822194,1184.56,1550471168,1546153984,15
559.9130125719998,1184.8799999999999,1550462976,1546145792,15
560.1228782949997,1185.3300000000002,1550462976,1546145792,15
560.332566472,1185.74,1550462976,1546145792,15
560.542681332,1186.26,1550462976,1546145792,15
560.752648488,1186.69,1550462976,1546145792,15
560.9620437619997,1187.12,1550462976,1546145792,15
561.1721138449998,1187.6399999999999,1550462976,1546145792,15
561.3816128459998,1188.06,1550462976,1546145792,15
561.5911687869998,1188.49,1550462976,1546158080,15
561.8029876749997,1188.94,1550462976,1546158080,15
562.012985287,1189.3600000000001,1561432064,1553104896,15
562.2240088909998,1189.8899999999999,1582845952,1578541056,15
562.435005028,1190.32,1582845952,1578557440,15
562.6453204099998,1190.75,1582845952,1578557440,15
562.8562917489999,1191.18,1582845952,1578557440,15
563.0665514369998,1191.7800000000002,1582845952,1578557440,15
563.2799113579999,1192.22,1582845952,1578557440,15
563.4911453739996,1192.65,1582845952,1578557440,15
563.7029910409997,1193.0900000000001,1582845952,1578557440,15
563.9131631659998,1193.52,1582845952,1578557440,15
564.1268334179999,1193.96,1582845952,1578557440,15
564.3403518749997,1194.41,1550462976,1546153984,15
564.601943093,1195.09,1550462976,1546125312,15
564.8833953129997,1195.6599999999999,1550462976,1546145792,15
565.1080550909996,1196.13,1550462976,1546145792,15
565.334773051,1196.5800000000002,1550462976,1546145792,15
565.5570528049998,1197.0500000000002,1550462976,1546145792,15
565.7897069339997,1197.52,1550462976,1546145792,15
566.0130173519997,1197.97,1550462976,1546145792,15
566.2325076109996,1198.43,1550462976,1546145792,15
566.45812789,1198.88,1550462976,1546158080,15
566.820262624,1199.63,1550462976,1546158080,15
567.0963352899998,1200.2,1550462976,1546158080,15
567.331640505,1200.67,1550462976,1546174464,15
567.5710591399998,1201.1599999999999,1550462976,1546174464,15
567.8055117499998,1201.6499999999999,1550462976,1546174464,15
568.0292880089996,1202.11,1550462976,1546174464,15
568.2570515379998,1202.57,1550462976,1546174464,15
568.4783275899999,1203.02,1550462976,1546174464,15
568.7073910069998,1203.4799999999998,1550462976,1546174464,15
568.925198641,1203.94,1550462976,1546174464,15
569.1460193959997,1204.39,1550462976,1546174464,15
569.3630190829999,1204.8300000000002,1550462976,1546153984,15
569.5792345269997,1205.27,1550462976,1546153984,15
569.8005966179999,1205.72,1550462976,1546174464,15
570.0357330389998,1206.21,1550462976,1546174464,15
570.277121742,1206.7,1550462976,1546174464,15
570.5074117069998,1207.17,1550462976,1546174464,15
570.7279999979996,1207.63,1550462976,1546174464,15
570.9616363249997,1208.11,1550462976,1546174464,15
571.2025011559999,1208.6,1550462976,1546174464,15
571.4269549139999,1209.06,1550462976,1546174464,15
571.6443321259999,1209.51,1550462976,1546174464,15
571.868787977,1209.97,1550462976,1546174464,15
572.088528792,1210.4099999999999,1550462976,1546174464,15
572.3174928979997,1210.8799999999999,1550462976,1546174464,15
572.5850223859998,1211.4299999999998,1550462976,1546174464,15
572.958554452,1212.1200000000001,1550462976,1546174464,15
573.2507199039997,1212.7900000000002,1550462976,1546174464,15
573.4777677469997,1213.25,1550462976,1546174464,15
573.6929891509999,1213.7,1550462976,1546174464,15
573.913698411,1214.15,1550462976,1546174464,15
574.130745597,1214.6000000000001,1550462976,1546174464,15
574.3458251079996,1215.05,1550462976,1546174464,15
574.564663524,1215.49,1550462976,1546174464,15
574.7792028499998,1215.93,1550462976,1546174464,15
574.9948159539999,1216.37,1550462976,1546174464,15
575.209851308,1216.8,1550462976,1546174464,15
575.4393758189999,1217.28,1550462976,1546174464,15
575.664677746,1217.74,1550462976,1546174464,15
575.8799395309998,1218.18,1550462976,1546174464,15
576.0948172869998,1218.62,1550462976,1546174464,15
576.3175732069999,1219.08,1550462976,1546174464,15
576.5443665109997,1219.55,1550462976,1546174464,15
576.853901121,1220.08,1550462976,1546174464,15
577.124368538,1220.7199999999998,1550462976,1546174464,15
577.3479645279999,1221.14,1550516224,1546199040,15
577.5607993159997,1221.38,1550516224,1546293248,15
577.7750273829997,1221.8200000000002,1550516224,1546199040,15
577.9863449939999,1222.25,1550516224,1546199040,15
578.19669071,1222.68,1550516224,1546199040,15
578.4070601619997,1223.2,1550516224,1546199040,15
578.6180754709999,1223.6299999999999,1550516224,1546199040,15
578.8281448409998,1224.07,1550516224,1546199040,15
579.0388253269998,1224.5900000000001,1550516224,1546199040,15
579.2498425449999,1225.02,1550516224,1546211328,15
579.4630332679999,1225.46,1550516224,1546211328,15
579.677190418,1225.9,1550516224,1546211328,15
579.8885848549999,1226.4299999999998,1564762112,1560457216,15
580.1017031889996,1226.87,1564762112,1560473600,15
580.315407217,1227.31,1564762112,1560473600,15
580.5250021269999,1227.7399999999998,1564762112,1560473600,15
580.735102443,1228.31,1564762112,1560473600,15
580.9450715409998,1228.75,1564762112,1560473600,15
581.1546674169999,1229.18,1564762112,1560473600,15
581.3646651199997,1229.6,1564762112,1560473600,15
581.5770184419998,1230.04,1564762112,1560473600,15
581.791661494,1230.49,1592852480,1567330304,15
582.001861238,1230.92,1550516224,1546199040,15
582.2114093609998,1231.41,1550716928,1546379264,15
582.4232018569996,1231.83,1550716928,1546379264,15
582.6326724829996,1232.24,1550716928,1546399744,15
582.843585263,1232.68,1550716928,1546399744,15
583.0534049449998,1233.11,1550716928,1546399744,15
583.2633145729997,1233.54,1550716928,1546399744,15
583.4739484829997,1233.97,1550716928,1546399744,15
583.6842768719998,1234.3799999999999,1550716928,1546399744,15
583.8997246819999,1234.82,1550716928,1546399744,15
584.1101866409999,1235.24,1556615168,1552310272,15
584.3209888339998,1235.6799999999998,1556615168,1552310272,15
584.530524579,1236.11,1562640384,1558335488,15
584.7408591369999,1236.54,1562640384,1558335488,15
584.9518339299998,1236.9699999999998,1565655040,1561366528,15
585.162636814,1237.4,1568669696,1564381184,15
585.3728620219999,1237.8000000000002,1568669696,1564381184,15
585.5838124299999,1238.24,1634856960,1630568448,15
585.7952465359999,1238.67,1635741696,1631453184,15
586.0055591319997,1239.25,1590996992,1586708480,15
586.2153054189998,1239.76,1590980608,1586692096,15
586.4250057019999,1240.1799999999998,1590980608,1586692096,15
586.6351833139997,1240.62,1590980608,1586692096,15
586.8450635229997,1241.04,1590980608,1586671616,15
587.0590483229998,1241.48,1590980608,1586671616,15
587.2696886839999,1242.04,1569333248,1565044736,15
587.479661888,1242.47,1569333248,1565044736,15
587.690136318,1242.9,1569333248,1565044736,15
587.9005003509997,1243.34,1569333248,1565044736,15
588.1142091299998,1243.78,1569333248,1565044736,15
588.3242343929996,1244.2,1569333248,1565044736,15
588.5452056579998,1244.73,1593421824,1589370880,15
588.759377545,1245.22,1593421824,1589133312,15
588.9696128739997,1245.65,1593421824,1589133312,15
589.1799181889996,1246.0800000000002,1593421824,1589133312,15
589.3908255039996,1246.51,1593421824,1589133312,15
589.6016024179999,1246.94,1593421824,1589133312,15
589.8278651419996,1247.47,1593421824,1589133312,15
590.054719277,1247.99,1593421824,1589133312,15
590.3011761369999,1248.49,1593421824,1589133312,15
590.516919827,1248.9299999999998,1593421824,1589133312,15
590.7336589679999,1249.37,1593421824,1589133312,15
590.9758386609997,1249.86,1593421824,1589133312,15
591.2397882749997,1250.42,1593552896,1589264384,15
591.4666358609998,1250.88,1593552896,1589264384,15
591.6876469949998,1251.3300000000002,1593552896,1589264384,15
591.9229628389999,1251.8100000000002,1593552896,1589264384,15
592.1618800249998,1252.3100000000002,1593552896,1589264384,15
592.381456176,1252.76,1593552896,1589264384,15
592.5935081779999,1253.19,1593552896,1589264384,15
592.827648299,1253.67,1593552896,1589264384,15
593.146219017,1254.33,1593552896,1589264384,15
593.412299002,1254.87,1593552896,1589264384,15
593.6295215699997,1255.32,1593552896,1589264384,15
593.8636488979996,1255.78,1593552896,1589264384,15
594.0994258709998,1256.28,1593552896,1589264384,15
594.3320171809996,1256.76,1593552896,1589264384,15
594.5532679129997,1257.2099999999998,1593552896,1589264384,15
594.7811023919999,1257.67,1593552896,1589264384,15
595.0570209339999,1258.24,1593552896,1589264384,15
595.2739287909999,1258.69,1593552896,1589264384,15
595.5121809249999,1259.16,1593552896,1589264384,15
595.745150359,1259.66,1593552896,1589264384,15
595.9880219859997,1260.15,1593552896,1589264384,15
596.2458045349999,1260.68,1593552896,1589264384,15
596.4809700379997,1261.16,1593552896,1589264384,15
596.7247448359999,1261.66,1593552896,1589264384,15
596.9683118109997,1262.15,1593552896,1589264384,15
597.2425833709999,1262.73,1593552896,1589264384,15
597.5142414529996,1263.28,1593552896,1589264384,15
597.7431242439998,1263.76,1593552896,1589264384,15
597.9670623009997,1264.2099999999998,1593552896,1589264384,15
598.189180927,1264.67,1593552896,1589264384,15
598.4385224039997,1265.17,1593552896,1589264384,15
598.6618287399997,1265.64,1593552896,1589264384,15
598.983377651,1266.31,1593552896,1589264384,15
599.2071942309999,1266.76,1593552896,1589264384,15
599.4353255289998,1267.23,1593552896,1589264384,15
599.6513758579999,1267.67,1593552896,1589264384,15
599.8752619079996,1268.13,1593552896,1589264384,15
600.1051165639997,1268.61,1593552896,1589264384,15
600.338528581,1269.08,1593552896,1589264384,15
600.562803067,1269.54,1593552896,1589264384,15
600.7822767459998,1269.99,1593552896,1589264384,15
600.9928054079996,1270.4199999999998,1593602048,1589284864,15
601.2024971309997,1270.72,1593602048,1589284864,15
601.4124989499996,1271.02,1593602048,1589284864,15
601.6226207509999,1271.4499999999998,1593602048,1589284864,15
601.8325095099999,1271.88,1593602048,1589284864,15
602.0474175249997,1272.3500000000001,1593782272,1589428224,28
602.2577652249997,1272.81,1593593856,1589276672,15
602.4685855039997,1273.25,1593593856,1589276672,15
602.682635054,1273.69,1593593856,1589276672,15
602.8928669299999,1274.1999999999998,1593602048,1589284864,15
603.1032529889999,1274.6399999999999,1593602048,1589297152,15
603.317310031,1275.08,1593602048,1589297152,15
603.528159989,1275.51,1593602048,1589297152,15
603.7392582359998,1276.04,1593602048,1589297152,15
603.9498461799999,1276.47,1593602048,1589313536,15
604.160118237,1276.91,1593602048,1589313536,15
604.3715747189999,1277.34,1593602048,1589313536,15
604.5845630849999,1277.98,1593602048,1589313536,15
604.7954791319999,1278.41,1593602048,1589313536,15
605.0076992149998,1278.8500000000001,1593602048,1589313536,15
605.2219646159997,1279.29,1593602048,1589313536,15
605.431895838,1279.71,1593602048,1589313536,15
605.6414198809998,1280.1200000000001,1593602048,1589313536,15
605.8513263989998,1280.56,1593602048,1589293056,15
606.063112581,1281.18,1551163392,1546842112,27
606.2726122919998,1281.6000000000001,1550934016,1546616832,15
606.4823177829999,1282.02,1550934016,1546616832,15
606.691845972,1282.46,1550934016,1546616832,15
606.9027271599998,1282.89,1550934016,1546616832,15
607.116673648,1283.3300000000002,1550934016,1546616832,15
607.3259746839999,1283.83,1550934016,1546616832,15
607.535311735,1284.33,1550934016,1546616832,15
607.74676813,1284.77,1550934016,1546616832,15
607.9577604349997,1285.1999999999998,1550934016,1546629120,15
608.168336233,1285.6299999999999,1550934016,1546629120,15
608.3801200509997,1286.06,1593270272,1588965376,15
608.5933557869998,1286.71,1550934016,1546629120,15
608.8066233919999,1287.15,1550934016,1546645504,15
609.0196199779998,1287.59,1550934016,1546645504,15
609.2289476249998,1288.02,1550934016,1546645504,15
609.438291856,1288.43,1550934016,1546645504,15
609.6486876519998,1288.87,1584771072,1567748096,15
609.8646641199998,1289.42,1550934016,1546645504,15
610.082529285,1289.8600000000001,1550934016,1546645504,15
610.3049195799999,1290.3200000000002,1550934016,1546645504,15
610.5268941169998,1290.78,1550934016,1546645504,15
610.7452999459997,1291.21,1550934016,1546625024,15
610.9616226149997,1291.66,1550934016,1546625024,15
611.1891742879998,1292.1200000000001,1550934016,1546625024,15
611.404545112,1292.57,1550934016,1546645504,15
611.6227233329996,1293.01,1550934016,1546645504,15
611.8397252999998,1293.46,1550934016,1546645504,15
612.063517903,1293.91,1550934016,1546645504,15
612.2840426899998,1294.37,1550934016,1546645504,15
612.502417532,1294.81,1550938112,1546649600,15
612.7225756569997,1295.27,1550938112,1546649600,15
612.944066264,1295.72,1550938112,1546649600,15
613.1565350649998,1296.1499999999999,1550938112,1546649600,15
613.3726132759998,1296.59,1550938112,1546649600,15
613.5876914999999,1297.04,1550938112,1546649600,15
613.8022514429999,1297.4599999999998,1550938112,1546649600,15
614.0179670579996,1297.9099999999999,1550938112,1546649600,15
614.2829719289998,1298.4499999999998,1550938112,1546649600,15
614.5034815399999,1298.91,1550938112,1546649600,15
614.7197331119996,1299.3500000000001,1550938112,1546649600,15
614.9395917309998,1299.8000000000002,1550938112,1546649600,15
615.1528062059997,1300.23,1550938112,1546649600,15
615.3681439019997,1300.68,1550938112,1546649600,15
615.583825786,1301.1200000000001,1550938112,1546649600,15
615.797232892,1301.55,1550938112,1546649600,15
616.0165175259999,1302.0,1550938112,1546649600,15
616.2327808059999,1302.45,1550938112,1546649600,15
616.4479842389997,1302.88,1550938112,1546649600,15
616.6641717749999,1303.33,1550938112,1546649600,15
616.881029141,1303.77,1550938112,1546649600,15
617.0940514969998,1304.2,1550938112,1546649600,15
617.3125905519996,1304.65,1550938112,1546649600,15
617.529230831,1305.1,1550938112,1546649600,15
617.746756774,1305.54,1550938112,1546649600,15
617.9641654109996,1305.98,1550938112,1546649600,15
618.179608425,1306.4299999999998,1550938112,1546649600,15
618.3923526109998,1306.86,1550938112,1546649600,15
618.6112389249997,1307.31,1550938112,1546649600,15
618.8272463799999,1307.75,1550938112,1546649600,15
619.0498138919997,1308.1999999999998,1550938112,1546649600,15
619.2646100959996,1308.6499999999999,1550938112,1546649600,15
619.4774223149998,1309.08,1550938112,1546649600,15
619.692087977,1309.52,1550938112,1546649600,15
619.9055818839997,1309.9499999999998,1550938112,1546649600,15
620.1224067859998,1310.4,1550938112,1546649600,15
620.3381210739999,1310.8400000000001,1550938112,1546649600,15
620.5527191649999,1311.28,1550938112,1546649600,15
620.805844772,1311.79,1550938112,1546649600,15
621.0426548089999,1312.28,1550938112,1546649600,15
621.257937592,1312.72,1550942208,1546653696,15
621.4768646149996,1313.17,1550942208,1546653696,15
621.7437979369997,1313.72,1550942208,1546653696,15
621.9809237929999,1314.21,1550942208,1546653696,15
622.21725793,1314.69,1550942208,1546653696,15
622.4490780179999,1315.16,1550942208,1546653696,15
622.67123382,1315.62,1550942208,1546653696,15
622.8948090869999,1316.07,1550942208,1546653696,15
623.1219564419998,1316.54,1550942208,1546653696,15
623.3591122129997,1317.02,1550942208,1546653696,15
623.5687611339999,1317.3799999999999,1551020032,1546702848,15
623.7835019249997,1317.6599999999999,1551020032,1546702848,15
623.9972072199998,1318.1,1551020032,1546702848,15
624.2109403169998,1318.5400000000002,1551020032,1546702848,15
624.424034401,1319.05,1551020032,1546702848,15
624.6334700299999,1319.47,1551020032,1546702848,15
624.8428422439997,1319.9099999999999,1551020032,1546702848,15
625.0522108979999,1320.3899999999999,1551020032,1546702848,15
625.2621876579997,1320.8400000000001,1551020032,1546702848,15
625.4718437379997,1321.2800000000002,1551020032,1546715136,15
625.6820187429998,1321.71,1551020032,1546715136,15
625.8939014869998,1322.15,1561755648,1557430272,22
626.10370345,1322.6499999999999,1561726976,1557422080,15
626.3136399549999,1323.08,1561726976,1557438464,15
626.5233987029997,1323.51,1561726976,1557438464,15
626.73349869,1324.02,1561726976,1557438464,15
626.9473016929996,1324.53,1561726976,1557438464,15
627.1610460479997,1324.96,1561726976,1557438464,15
627.3752654079999,1325.41,1561726976,1557438464,15
627.5892115269999,1325.8500000000001,1561726976,1557438464,15
627.803194521,1326.29,1566605312,1557438464,15
628.0147344489997,1326.76,1551020032,1546702848,15
628.2246344289997,1327.3700000000001,1551028224,1546690560,15
628.43404693,1327.8000000000002,1551028224,1546690560,15
628.6440236459998,1328.23,1551028224,1546690560,15
628.8534855359999,1328.66,1551028224,1546711040,15
629.063031483,1329.0900000000001,1551028224,1546711040,15
629.2732312359999,1329.51,1593364480,1589047296,15
629.4832129059996,1330.06,1551020032,1546702848,15
629.7216507209996,1330.57,1551020032,1546702848,15
629.9314322119999,1331.0,1551020032,1546702848,15
630.141332056,1331.4299999999998,1551020032,1546715136,15
630.3508941369996,1331.86,1551020032,1546715136,15
630.5615382319997,1332.29,1593356288,1589051392,15
630.784427008,1332.84,1551028224,1546739712,15
631.0059000289998,1333.3,1551028224,1546739712,15
631.2208405809997,1333.74,1551028224,1546739712,15
631.4343817029999,1334.17,1551028224,1546739712,15
631.6468599329996,1334.61,1551028224,1546739712,15
631.8829398549997,1335.08,1551028224,1546739712,15
632.155302095,1335.6499999999999,1551028224,1546739712,15
632.4047701049999,1336.1799999999998,1551028224,1546739712,15
632.6240529809997,1336.62,1551028224,1546739712,15
632.8408145369999,1337.0700000000002,1551028224,1546719232,15
633.055110887,1337.5,1551028224,1546719232,15
633.2696895529998,1337.95,1551028224,1546739712,15
633.5184334619998,1338.45,1551028224,1546739712,15
633.7559420019998,1338.95,1551028224,1546739712,15
634.026501495,1339.47,1551028224,1546739712,15
634.2860519009996,1340.01,1551028224,1546739712,15
634.524123144,1340.5,1551028224,1546739712,15
634.8116689229996,1341.11,1551028224,1546739712,15
635.0486092419997,1341.6,1551028224,1546739712,15
635.2698761779998,1342.05,1551028224,1546739712,15
635.4868106899999,1342.49,1551028224,1546739712,15
635.7009792069998,1342.94,1551028224,1546739712,15
635.9201730139998,1343.3799999999999,1551028224,1546739712,15
636.1363429179996,1343.83,1551028224,1546739712,15
636.3521039559996,1344.27,1551028224,1546739712,15
636.5668115959998,1344.6999999999998,1551028224,1546739712,15
636.7813936469997,1345.1399999999999,1551028224,1546739712,15
637.0013021959999,1345.5900000000001,1551028224,1546739712,15
637.2231718409998,1346.04,1551032320,1546743808,15
637.4476562059999,1346.51,1551032320,1546743808,15
637.666965121,1346.96,1551032320,1546743808,15
637.8886776479999,1347.4,1551032320,1546743808,15
638.1086780759997,1347.8700000000001,1551032320,1546743808,15
638.3581866669997,1348.3600000000001,1551032320,1546743808,15
638.624291701,1348.93,1551032320,1546743808,15
638.8595518769998,1349.41,1551032320,1546743808,15
639.1200936359996,1349.94,1551032320,1546743808,15
639.3384307659999,1350.3799999999999,1551032320,1546743808,15
639.5898294159997,1350.8899999999999,1551032320,1546743808,15
640.0266327309996,1351.57,1551032320,1546743808,15
640.2678951029998,1352.29,1551032320,1546743808,15
640.5605981149997,1352.82,1551032320,1546743808,15
640.8719208099997,1353.5400000000002,1551032320,1546743808,15
641.0870988079996,1353.98,1551052800,1546735616,15
641.2976655579996,1354.26,1551052800,1546735616,15
641.5097918269998,1354.5700000000002,1551052800,1546735616,15
641.7203523559997,1355.01,1551052800,1546735616,15
641.9301422449998,1355.43,1551052800,1546735616,15
642.1415599469997,1355.9,1551052800,1546805248,15
642.3718872089999,1356.4199999999998,1551052800,1546735616,15
642.582120395,1356.84,1551052800,1546735616,15
642.7928042399999,1357.2800000000002,1551065088,1546735616,19
643.002926179,1357.79,1551052800,1546735616,15
643.2164644259997,1358.24,1551052800,1546747904,15
643.4310062659997,1358.68,1551052800,1546747904,15
643.6413735739998,1359.1100000000001,1561759744,1553694720,15
643.8520092079998,1359.6499999999999,1561759744,1557454848,15
644.0617606579999,1360.07,1561759744,1557471232,15
644.271110873,1360.5,1561759744,1557471232,15
644.4808296239999,1360.87,1561759744,1557471232,15
644.6912126559996,1361.49,1561759744,1557471232,15
644.9015150569999,1361.91,1561759744,1557471232,15
645.111782635,1362.35,1561759744,1557471232,15
645.3230558279997,1362.78,1561759744,1557471232,15
645.535209653,1363.22,1561759744,1557471232,15
645.7457225179996,1363.6399999999999,1561759744,1557471232,15
645.963264947,1364.1,1603563520,1599254528,15
646.1840119509998,1364.58,1572720640,1568616448,15
646.3937895579998,1365.0,1572720640,1568403456,15
646.603366627,1365.43,1572720640,1568403456,15
646.8127339859998,1365.86,1572720640,1568403456,15
647.023628511,1366.3,1572720640,1568403456,15
647.2366917139998,1366.73,1572720640,1568403456,15
647.4478058249997,1367.17,1572720640,1568403456,15
647.6585759079999,1367.59,1572720640,1568403456,15
647.8686910229999,1368.02,1572720640,1568403456,15
648.0783167309996,1368.43,1572720640,1568415744,15
648.2878390829997,1368.87,1572720640,1568415744,15
648.4974240489996,1369.3,1572720640,1568415744,15
648.7076322849998,1369.73,1572720640,1568415744,15
648.9169461319998,1370.1499999999999,1572720640,1568432128,15
649.1262134999997,1370.57,1572720640,1568432128,15
649.3357954319999,1371.0,1572720640,1568432128,15
649.5466706429997,1371.42,1572720640,1568432128,15
649.7579436029996,1371.8400000000001,1644462080,1637548032,15
649.9686064539997,1372.28,1648963584,1641721856,15
650.1821565119999,1372.96,1562648576,1558388736,24
650.3919762269998,1373.4099999999999,1562439680,1558151168,15
650.60240522,1373.85,1562439680,1558151168,15
650.8121881949996,1374.27,1562439680,1558151168,15
651.0217458349998,1374.7,1562439680,1558130688,15
651.233151205,1375.13,1572155392,1558130688,15
651.4432795149996,1375.68,1588744192,1584455680,15
651.6527151259997,1376.12,1588744192,1584455680,15
651.862625403,1376.55,1588744192,1584455680,15
652.0724029799999,1376.98,1588744192,1584455680,15
652.2825563029996,1377.4099999999999,1588744192,1584455680,15
652.4923461169997,1377.84,1588744192,1584455680,15
652.7107959649998,1378.32,1566990336,1562689536,15
652.9242769429998,1378.8200000000002,1566998528,1562710016,15
653.1410118249996,1379.26,1566998528,1562710016,15
653.3546831399999,1379.7,1566998528,1562710016,15
653.5710126399999,1380.14,1566998528,1562710016,15
653.7882049989998,1380.5900000000001,1566998528,1562710016,15
654.023822057,1381.08,1566998528,1562710016,15
654.2407566919996,1381.52,1566998528,1562710016,15
654.4706558519997,1381.99,1566998528,1562710016,15
654.6987523549997,1382.45,1566998528,1562710016,15
654.9125273329996,1382.8999999999999,1566998528,1562710016,15
655.1310750899997,1383.34,1566998528,1562710016,15
655.3955638309999,1383.87,1566998528,1562710016,15
655.624053126,1384.34,1566998528,1562710016,15
655.8519746049997,1384.82,1566998528,1562710016,15
656.0848302309996,1385.29,1566998528,1562710016,15
656.3244884789997,1385.7800000000002,1566998528,1562710016,15
656.5447479499999,1386.23,1566998528,1562710016,15
656.8933315039999,1386.89,1566998528,1562710016,15
657.1382968509997,1387.45,1566998528,1562710016,15
657.354491696,1387.89,1566998528,1562710016,15
657.5686739429998,1388.33,1566998528,1562710016,15
657.7811228739997,1388.76,1566998528,1562710016,15
658.0057232219997,1389.23,1566998528,1562710016,15
658.2362561079999,1389.7,1567002624,1562714112,15
658.4640241799998,1390.16,1567002624,1562714112,15
658.7283689339997,1390.7,1567002624,1562714112,15
658.952757089,1391.16,1567002624,1562714112,15
659.1696150029998,1391.61,1567002624,1562714112,15
659.3858903949999,1392.04,1567002624,1562714112,15
659.6150059939996,1392.51,1567002624,1562714112,15
659.8401195019997,1392.98,1567002624,1562714112,15
660.0712733519999,1393.4499999999998,1567002624,1562714112,15
660.305887989,1393.9099999999999,1567002624,1562714112,15
660.5259021509996,1394.37,1567002624,1562714112,15
660.7558803899997,1394.8400000000001,1567002624,1562714112,15
660.9871611169997,1395.3100000000002,1567002624,1562714112,15
661.207035804,1395.78,1567002624,1562714112,15
661.4202174279999,1396.21,1567002624,1562714112,15
661.636331787,1396.65,1567002624,1562714112,15
661.8563009929999,1397.1000000000001,1567002624,1562714112,15
662.074019747,1397.55,1567002624,1562714112,15
662.289462921,1397.99,1567002624,1562714112,15
662.5044790859997,1398.43,1567002624,1562714112,15
662.7190879579998,1398.8700000000001,1567002624,1562714112,15
662.9380463059997,1399.31,1567002624,1562714112,15
663.1571522249997,1399.77,1567002624,1562714112,15
663.3716950469998,1400.2,1567002624,1562714112,15
663.5891568529996,1400.65,1567002624,1562714112,15
663.8050988549999,1401.09,1567002624,1562714112,15
664.0202471289999,1401.53,1567002624,1562714112,15
664.2406500929997,1401.98,1567002624,1562714112,15
664.4901275779998,1402.48,1567002624,1562714112,15
664.7076295949996,1402.9399999999998,1567002624,1562714112,15
664.9272352179996,1403.3899999999999,1567002624,1562714112,15
665.141982738,1403.83,1567002624,1562714112,15
665.36027096,1404.2800000000002,1567002624,1562714112,15
665.5733377429997,1404.71,1567002624,1562714112,15
665.7879733599998,1405.15,1567002624,1562714112,15
666.0041833649998,1405.5900000000001,1567002624,1562714112,15
666.2187235029996,1406.04,1567002624,1562714112,15
666.4348976339998,1406.47,1567002624,1562714112,15
666.661477058,1406.94,1567002624,1562714112,15
666.895935471,1407.41,1567002624,1562714112,15
667.112786011,1407.8600000000001,1567002624,1562714112,15
667.3284099129996,1408.31,1567002624,1562714112,15
667.5441745409998,1408.75,1567002624,1562714112,15
667.7867733189996,1409.25,1567006720,1562718208,15
668.0058155829997,1409.72,1567006720,1562718208,15
668.2218768829998,1410.16,1567006720,1562718208,15
668.4509284119999,1410.6299999999999,1567006720,1562718208,15
668.670286602,1411.09,1567006720,1562718208,15
668.8903443459999,1411.54,1567006720,1562718208,15
669.1056161869997,1411.98,1567006720,1562718208,15
669.3271354439999,1412.4299999999998,1567006720,1562718208,15
669.6449093819997,1413.04,1567006720,1562718208,15
669.885406505,1413.58,1567006720,1562718208,15
670.1119875649997,1414.0400000000002,1567006720,1562718208,15
670.3300942569999,1414.49,1567006720,1562718208,15
670.5465271159997,1414.93,1567006720,1562718208,15
670.7579121379999,1415.3500000000001,1567084544,1562767360,15
670.9675903869997,1415.57,1567084544,1562767360,15
671.1779006689999,1415.97,1567084544,1562767360,15
671.3883639419996,1416.4,1567084544,1562767360,15
671.6009743199998,1416.84,1567084544,1562767360,15
671.8111573199999,1417.35,1567084544,1562767360,15
672.0216857309997,1417.7800000000002,1567084544,1562767360,15
672.2358856849996,1418.23,1567084544,1562767360,15
672.447223145,1418.74,1567084544,1562767360,15
672.6571725029999,1419.19,1567084544,1562779648,15
672.868193716,1419.6299999999999,1567084544,1562779648,15
673.0797700059998,1420.06,1567084544,1562779648,15
673.2974077019999,1420.54,1583697920,1579438080,24
673.508048662,1421.0200000000002,1583542272,1579253760,15
673.7188594279996,1421.45,1583542272,1579253760,15
673.9289126519998,1421.88,1583542272,1579253760,15
674.1435267009997,1422.3200000000002,1583575040,1579257856,23
674.3538943989997,1422.91,1583534080,1579245568,15
674.5653466519998,1423.35,1583534080,1579245568,15
674.7768885699998,1423.79,1583534080,1579245568,15
674.9868627649998,1424.22,1583534080,1579245568,15
675.1972470789997,1424.6499999999999,1583534080,1579245568,15
675.4079362519997,1425.09,1551151104,1546842112,15
675.6251427469997,1425.74,1551159296,1546981376,15
675.8388708309999,1426.1699999999998,1551159296,1546821632,15
676.0526144669998,1426.61,1551159296,1546842112,15
676.2666514949997,1427.06,1551159296,1546842112,15
676.4780683049999,1427.4899999999998,1551159296,1546842112,15
676.68858667,1427.91,1593495552,1589178368,15
676.9106998809998,1428.47,1551167488,1546850304,15
677.1498895289997,1428.96,1551167488,1546850304,15
677.3731809849996,1429.42,1551167488,1546850304,15
677.5962698459998,1429.8799999999999,1551167488,1546862592,15
677.8142712089998,1430.33,1551167488,1546862592,15
678.0681634549996,1430.85,1551167488,1546862592,15
678.2894119519997,1431.31,1551167488,1546878976,15
678.505179838,1431.75,1551167488,1546878976,15
678.720132206,1432.1899999999998,1551167488,1546878976,15
678.943338303,1432.6499999999999,1551167488,1546878976,15
679.1666240699997,1433.0900000000001,1551167488,1546878976,15
679.4446917129999,1433.67,1551167488,1546878976,15
679.6676758149997,1434.13,1551167488,1546878976,15
679.9259632849999,1434.66,1551167488,1546878976,15
680.14471284,1435.1100000000001,1551167488,1546878976,15
680.3825207199998,1435.6000000000001,1551167488,1546858496,15
680.6040408009999,1436.05,1551167488,1546858496,15
680.817657265,1436.49,1551167488,1546878976,15
681.03088286,1436.93,1551167488,1546878976,15
681.2523340819998,1437.38,1551167488,1546878976,15
681.4672158629996,1437.83,1551167488,1546878976,15
681.6886707109998,1438.27,1551167488,1546878976,15
681.9050700489997,1438.72,1551167488,1546878976,15
682.1194221719998,1439.1499999999999,1551167488,1546878976,15
682.3339803859999,1439.6,1551167488,1546878976,15
682.5543946799999,1440.05,1551167488,1546878976,15
682.774398431,1440.5,1551167488,1546878976,15
682.9995506309997,1440.9599999999998,1551167488,1546878976,15
683.2199161869999,1441.4199999999998,1551167488,1546878976,15
683.4571147879997,1441.8999999999999,1551167488,1546878976,15
683.7052680339998,1442.38,1551167488,1546878976,15
683.9470515859998,1442.9,1551167488,1546878976,15
684.168049595,1443.3400000000001,1551167488,1546878976,15
684.388464956,1443.8100000000002,1551167488,1546878976,15
684.615524411,1444.27,1551167488,1546878976,15
684.8688576889999,1444.79,1551167488,1546878976,15
685.096522326,1445.25,1551167488,1546878976,15
685.33104555,1445.73,1551167488,1546878976,15
685.5603548509998,1446.2,1551167488,1546878976,15
685.7996575119996,1446.7,1551167488,1546878976,15
686.0286800139997,1447.16,1551167488,1546878976,15
686.2466091269998,1447.61,1551167488,1546878976,15
686.5133595719999,1448.05,1551167488,1546878976,15
686.829928135,1448.81,1551167488,1546878976,15
687.0609218679997,1449.28,1551167488,1546878976,15
687.2813475539997,1449.73,1551167488,1546878976,15
687.497236873,1450.1699999999998,1551167488,1546878976,15
687.7149430299996,1450.62,1551167488,1546878976,15
687.9312575899999,1451.06,1551167488,1546878976,15
688.1593725349999,1451.5200000000002,1551167488,1546878976,15
688.3713015549997,1451.89,1551224832,1546907648,15
688.5806245569997,1452.13,1551224832,1546907648,15
688.7902526389998,1452.5500000000002,1551224832,1546907648,15
688.999803235,1452.99,1551224832,1546907648,15
689.2102190239998,1453.44,1551327232,1547075584,15
689.4228359959998,1453.9099999999999,1551224832,1546907648,15
689.636425959,1454.34,1551224832,1546907648,15
689.8510522899996,1454.83,1551396864,1547104256,24
690.0621716389996,1455.3100000000002,1551224832,1546907648,15
690.273101403,1455.74,1551224832,1546919936,15
690.4829499879997,1456.17,1551224832,1546919936,15
690.696474763,1456.68,1565470720,1561165824,15
690.9083964829997,1457.1399999999999,1565470720,1561165824,15
691.1210843659996,1457.58,1565470720,1561182208,15
691.3305565739997,1458.02,1565470720,1561182208,15
691.543720825,1458.6100000000001,1565470720,1561182208,15
691.7538834029997,1459.0300000000002,1565470720,1561182208,15
691.9640560809999,1459.46,1565470720,1561182208,15
692.1739419109999,1459.89,1565470720,1561182208,15
692.3848775839997,1460.3200000000002,1565470720,1561182208,15
692.59456125,1460.76,1565470720,1561182208,15
692.8053410479997,1461.19,1565470720,1561182208,15
693.0146735449998,1461.6299999999999,1551224832,1546887168,15
693.223893026,1462.2099999999998,1551233024,1546895360,15
693.4342093649998,1462.6399999999999,1551233024,1546915840,15
693.6437888739997,1463.0700000000002,1551233024,1546915840,15
693.853282562,1463.5,1551233024,1546915840,15
694.062859616,1463.93,1551233024,1546915840,15
694.2727434819999,1464.3600000000001,1615798272,1607725056,15
694.4964087389999,1464.92,1567158272,1562841088,15
694.7291851619998,1465.3899999999999,1567158272,1562841088,15
694.959634539,1465.87,1567158272,1562841088,15
695.1905288409998,1466.34,1567158272,1562853376,15
695.4373124399999,1466.84,1567158272,1562853376,15
695.6533092889999,1467.28,1567158272,1562853376,15
695.8688247739997,1467.73,1567158272,1562869760,15
696.092071435,1468.1899999999998,1567158272,1562869760,15
696.3111192869997,1468.6299999999999,1567158272,1562869760,15
696.5356885869996,1469.09,1567158272,1562869760,15
696.763450297,1469.5700000000002,1567158272,1562869760,15
697.0372373249998,1470.1200000000001,1567158272,1562869760,15
697.402944465,1470.8700000000001,1567158272,1562869760,15
697.6381577459997,1471.3500000000001,1567158272,1562869760,15
697.8791172179999,1471.8400000000001,1567158272,1562849280,15
698.108786148,1472.32,1567158272,1562849280,15
698.3321503909997,1472.77,1567158272,1562869760,15
698.5545615879996,1473.23,1567158272,1562869760,15
698.7940375639996,1473.72,1567158272,1562869760,15
699.024773262,1474.2,1567158272,1562869760,15
699.2573779169998,1474.6499999999999,1567158272,1562869760,15
699.4814530409999,1475.1299999999999,1567158272,1562869760,15
699.7123037479996,1475.6,1567158272,1562869760,15
699.9390416259998,1476.06,1567158272,1562869760,15
700.1618435809996,1476.52,1567158272,1562869760,15
700.380990528,1476.9699999999998,1567158272,1562869760,15
700.5986877599998,1477.42,1567158272,1562869760,15
700.8234833859997,1477.8700000000001,1567158272,1562869760,15
701.0439508479999,1478.3300000000002,1567158272,1562869760,15
701.3119845239999,1478.88,1567158272,1562869760,15
701.5502826449997,1479.3500000000001,1567158272,1562869760,15
701.7803730679998,1479.8400000000001,1567158272,1562869760,15
702.0339365729997,1480.3500000000001,1567158272,1562869760,15
702.326985484,1480.97,1567158272,1562869760,15
702.63452899,1481.6,1567158272,1562869760,15
702.9721395029997,1482.28,1567158272,1562869760,15
703.2073515249999,1482.78,1567158272,1562869760,15
703.4279002869998,1483.2199999999998,1567158272,1562869760,15
703.6811005889999,1483.7399999999998,1567158272,1562869760,15
703.9397399689997,1484.2800000000002,1567158272,1562869760,15
704.1790679849996,1484.77,1567158272,1562869760,15
704.3945423379996,1485.21,1567158272,1562869760,15
704.6115255259997,1485.65,1567158272,1562869760,15
704.824794186,1486.02,1567199232,1562882048,15
705.036297574,1486.24,1567244288,1562890240,22
705.2473445249998,1486.68,1567191040,1562873856,15
705.4580143579997,1487.1,1567191040,1562873856,15
705.6685241989999,1487.54,1567191040,1562873856,15
705.8786174329998,1488.0500000000002,1567182848,1562865664,15
706.090250838,1488.4699999999998,1567182848,1562865664,15
706.3001858129996,1488.9099999999999,1567182848,1562865664,15
706.510698308,1489.44,1567191040,1562873856,15
706.7212063069996,1489.8700000000001,1567191040,1562886144,15
706.931127761,1490.3,1567191040,1562886144,15
707.1414847829997,1490.73,1567191040,1562886144,15
707.3514240439999,1491.17,1583648768,1579343872,15
707.5654012609998,1491.6999999999998,1583656960,1579368448,15
707.7755677249997,1492.13,1583656960,1579368448,15
707.9854343819998,1492.5500000000002,1583656960,1579368448,15
708.2184283809997,1493.16,1583886336,1579597824,32
708.431874458,1493.65,1583648768,1579360256,15
708.641912603,1494.08,1583648768,1579360256,15
708.8521820219999,1494.5,1583648768,1579360256,15
709.0625024179999,1494.93,1583648768,1579360256,15
709.2720837899997,1495.37,1583648768,1579360256,15
709.4824978719998,1495.8,1593602048,1589293056,15
709.6921865559998,1496.3200000000002,1593618432,1589280768,15
709.9018466969997,1496.74,1593618432,1589301248,15
710.1117574759996,1497.17,1593618432,1589301248,15
710.3218006449997,1497.6000000000001,1593618432,1589301248,15
710.5321573159999,1498.03,1593618432,1589301248,15
710.7448595869996,1498.47,1593618432,1589301248,15
710.9547445209996,1498.9,1593618432,1589301248,15
711.1699534249997,1499.34,1593618432,1589301248,15
711.380174202,1499.75,1593618432,1589301248,15
711.5905028349998,1500.19,1593618432,1589313536,15
711.8036638179997,1500.62,1593618432,1589313536,15
712.0183294029998,1501.05,1593618432,1589313536,15
712.2314913229998,1501.49,1593618432,1589313536,15
712.445544404,1501.93,1593618432,1589313536,15
712.6640235769996,1502.3799999999999,1593618432,1589329920,15
712.883340027,1502.8,1593618432,1589329920,15
713.0946666499999,1503.24,1593618432,1589329920,15
713.3048885629996,1503.6699999999998,1584283648,1579995136,15
713.514920735,1504.1,1645645824,1641357312,15
713.724562158,1504.78,1571172352,1566883840,15
713.9347245659997,1505.21,1571172352,1566883840,15
714.1448717109997,1505.6399999999999,1571172352,1566883840,15
714.3582999219998,1506.06,1571172352,1566883840,15
714.5688351969998,1506.5,1571172352,1566863360,15
714.7787641979999,1506.9299999999998,1571172352,1566863360,15
714.993779416,1507.44,1594175488,1589870592,32
715.2038292089997,1507.93,1593942016,1589653504,15
715.4138734489998,1508.3600000000001,1593942016,1589653504,15
715.6236192389997,1508.79,1593942016,1589653504,15
715.8338959899997,1509.22,1593942016,1589653504,15
716.0438180359997,1509.65,1593942016,1589653504,15
716.2538975499997,1510.08,1615839232,1605525504,15
716.474047741,1510.6299999999999,1567199232,1562910720,15
716.68766753,1511.0700000000002,1567199232,1562910720,15
716.9089629669998,1511.52,1567199232,1562910720,15
717.128009646,1511.97,1567199232,1562910720,15
717.346766738,1512.41,1567199232,1562910720,15
717.5936288179996,1512.92,1567199232,1562910720,15
717.8368492489999,1513.43,1567199232,1562910720,15
718.1132292079997,1514.0,1567199232,1562910720,15
718.3291933299997,1514.44,1567199232,1562910720,15
718.6144349339997,1515.0,1567203328,1562914816,15
718.986991665,1515.8,1567203328,1562914816,15
719.2393113999997,1516.31,1567203328,1562914816,15
719.5011957819997,1516.84,1567203328,1562914816,15
719.7483095709999,1517.36,1567203328,1562914816,15
719.9686379109999,1517.81,1567203328,1562914816,15
720.1903230049998,1518.2700000000002,1567203328,1562914816,15
720.4291490389996,1518.75,1567203328,1562914816,15
720.651312689,1519.21,1567203328,1562914816,15
720.8828550649996,1519.68,1567203328,1562914816,15
721.1254949519998,1520.17,1567203328,1562914816,15
721.3464149229999,1520.63,1567203328,1562914816,15
721.566075446,1521.08,1567203328,1562914816,15
721.7835475259999,1521.53,1567203328,1562914816,15
722.006995873,1521.99,1567203328,1562914816,15
722.3047811279998,1522.6,1567203328,1562914816,15
722.6475181709998,1523.3,1567203328,1562914816,15
722.8749954559999,1523.77,1567203328,1562914816,15
723.1135370859997,1524.25,1567203328,1562914816,15
723.346786049,1524.74,1567203328,1562914816,15
723.5593485739996,1525.1699999999998,1567203328,1562914816,15
723.7833699539997,1525.63,1567203328,1562914816,15
724.0098507469997,1526.0900000000001,1567203328,1562914816,15
724.2333723489996,1526.5500000000002,1567203328,1562914816,15
724.4625163759997,1527.02,1567203328,1562914816,15
724.7021092,1527.5,1567203328,1562914816,15
724.9483396379997,1528.01,1567203328,1562914816,15
725.176152257,1528.49,1567203328,1562914816,15
725.4071278639999,1528.95,1567203328,1562914816,15
725.6314975239998,1529.42,1567203328,1562914816,15
725.8508970039998,1529.87,1567203328,1562914816,15
726.07129631,1530.32,1567203328,1562914816,15
726.2880530949997,1530.77,1567203328,1562914816,15
726.5117502099997,1531.22,1567203328,1562914816,15
726.7302576959996,1531.6799999999998,1567203328,1562914816,15
726.9421850529998,1532.11,1567203328,1562914816,15
727.1583293059998,1532.54,1567203328,1562914816,15
727.4181133309999,1533.08,1567203328,1562914816,15
727.6361395149997,1533.5300000000002,1567203328,1562914816,15
727.973716682,1534.0900000000001,1567203328,1562914816,15
728.2685574379998,1534.8300000000002,1567203328,1562914816,15
728.4922562669999,1535.28,1567203328,1562914816,15
728.7188251419998,1535.75,1567203328,1562914816,15
728.9480295489998,1536.21,1567203328,1562914816,15
729.1786920089999,1536.69,1567203328,1562914816,15
729.4079784999999,1537.16,1567203328,1562914816,15
729.660244225,1537.68,1567203328,1562914816,15
729.8836037719998,1538.1299999999999,1567203328,1562914816,15
730.1043471469998,1538.59,1567203328,1562914816,15
730.3357523909999,1539.06,1567203328,1562914816,15
730.6101266859996,1539.62,1567203328,1562914816,15
730.927753299,1540.26,1567203328,1562914816,15
731.1670828869997,1540.77,1567203328,1562914816,15
731.395389545,1541.2399999999998,1567203328,1562914816,15
731.6199463439998,1541.7,1567203328,1562914816,15
731.8497073189997,1542.18,1567203328,1562914816,15
732.0690030119999,1542.63,1567203328,1562914816,15
732.2904953859997,1543.0900000000001,1567203328,1562914816,15
732.514879543,1543.54,1567203328,1562914816,15
732.755882893,1544.04,1567203328,1562914816,15
732.9881449729996,1544.51,1567207424,1562918912,15
733.214556851,1544.97,1567207424,1562918912,15
733.5340837569997,1545.6299999999999,1567207424,1562918912,15
733.756151697,1546.09,1567207424,1562918912,15
733.996272676,1546.58,1567207424,1562918912,15
734.2694636769997,1547.1399999999999,1567207424,1562918912,15
734.4937503209999,1547.6,1567207424,1562918912,15
734.7123071799997,1548.06,1567207424,1562918912,15
734.9415590579997,1548.5200000000002,1567207424,1562918912,15
735.1928997069999,1549.03,1567207424,1562918912,15
735.4235380539999,1549.5,1567207424,1562918912,15
735.6555781429997,1549.98,1567207424,1562918912,15
735.8815555249998,1550.44,1567207424,1562918912,15
736.122666962,1550.93,1567207424,1562918912,15
736.3474297479997,1551.4,1567207424,1562918912,15
736.5749505869999,1551.8600000000001,1567207424,1562918912,15
736.794277642,1552.31,1567207424,1562918912,15
737.0283210509997,1552.78,1567207424,1562918912,15
737.2450408199998,1553.24,1567207424,1562918912,15
737.4812527969998,1553.7,1567207424,1562918912,15
737.712524559,1554.19,1567207424,1562918912,15
737.9601519809999,1554.71,1567207424,1562918912,15
738.1881006939998,1555.1699999999998,1567207424,1562918912,15
738.4280415329999,1555.6599999999999,1567207424,1562918912,15
738.6719313119997,1556.17,1567207424,1562918912,15
738.895493513,1556.6200000000001,1567207424,1562918912,15
739.11948338,1557.0800000000002,1567207424,1562918912,15
739.373093059,1557.6000000000001,1567207424,1562918912,15
739.5940191679997,1558.0600000000002,1567207424,1562918912,15
739.8130237109999,1558.51,1567207424,1562918912,15
740.026530007,1558.95,1567207424,1562918912,15
740.2591959899996,1559.42,1567207424,1562918912,15
740.5021005139997,1559.92,1567207424,1562918912,15
740.7265791479999,1560.3700000000001,1567211520,1562923008,15
740.9555878789997,1560.85,1567211520,1562923008,15
741.1846256389999,1561.31,1567211520,1562923008,15
741.408603933,1561.77,1567211520,1562923008,15
741.6365683449999,1562.23,1567211520,1562923008,15
741.9252871889998,1562.81,1567211520,1562923008,15
742.2252692389998,1563.4499999999998,1567211520,1562923008,15
742.5365655709998,1564.09,1567211520,1562923008,15
742.773596729,1564.58,1567211520,1562923008,15
743.043058279,1565.14,1567211520,1562923008,15
743.3395095269998,1565.74,1567211520,1562923008,15
743.5780955179998,1566.22,1567211520,1562923008,15
743.8065000899996,1566.68,1567211520,1562923008,15
744.0353928059999,1567.15,1567211520,1562923008,15
744.2519506469998,1567.6100000000001,1567211520,1562923008,15
744.4714928519998,1568.05,1567211520,1562923008,15
744.6998830059997,1568.52,1567211520,1562923008,15
744.9282015269996,1568.99,1567211520,1562923008,15
745.154916472,1569.46,1567211520,1562923008,15
745.3810114519997,1569.9099999999999,1567211520,1562923008,15
745.59925522,1570.37,1567211520,1562923008,15
745.8411607339999,1570.86,1567211520,1562923008,15
746.0725903739999,1571.33,1567211520,1562923008,15
746.2912255309998,1571.78,1567211520,1562923008,15
746.5366931439999,1572.27,1567215616,1562927104,15
746.7588853419998,1572.7399999999998,1567215616,1562927104,15
747.0362185009999,1573.2199999999998,1567215616,1562927104,15
747.2540272669999,1573.74,1567219712,1562931200,15
747.4689510009998,1574.19,1567219712,1562931200,15
747.6858262349997,1574.63,1567219712,1562931200,15
747.9031363859999,1575.0700000000002,1567219712,1562931200,15
748.1176122439997,1575.51,1567219712,1562931200,15
748.3346904149998,1575.95,1567223808,1562935296,15
748.556049798,1576.41,1567223808,1562935296,15
748.7748511699997,1576.8600000000001,1567223808,1562935296,15
748.989912817,1577.29,1567223808,1562935296,15
749.2002939439999,1577.72,1567313920,1562996736,15
749.4144920039998,1577.95,1567313920,1562996736,15
749.6240130349997,1578.32,1567313920,1562996736,15
749.8335141909997,1578.75,1567313920,1562996736,15
750.0427089549999,1579.19,1567313920,1562996736,15
750.2526635889999,1579.69,1567313920,1562996736,15
750.4621264519997,1580.12,1567313920,1562996736,15
750.671953429,1580.5500000000002,1567313920,1562996736,15
750.881949912,1581.07,1567313920,1562996736,15
751.091424452,1581.5,1567313920,1563009024,15
751.3012636779999,1581.93,1567313920,1563009024,15
751.5111424879997,1582.36,1567313920,1563009024,15
751.7245897419998,1582.9,1567313920,1563009024,15
751.9343317109997,1583.3200000000002,1567313920,1563025408,15
752.1457618289996,1583.76,1567313920,1563025408,15
752.3621775209999,1584.2,1567313920,1563025408,15
752.575703989,1584.76,1583779840,1579491328,15
752.7852864929996,1585.18,1583779840,1579491328,15
752.9950499189999,1585.62,1583779840,1579491328,15
753.2077304109998,1586.06,1583779840,1579491328,15
753.4264813329996,1586.52,1583779840,1579491328,15
753.6417455549999,1587.1100000000001,1583783936,1579462656,18
753.8559907869999,1587.63,1583771648,1579433984,15
754.0659621159998,1588.06,1583771648,1579433984,15
754.277262779,1588.49,1583771648,1579433984,15
754.4886460369999,1588.92,1583771648,1579454464,15
754.7027418429998,1589.37,1583771648,1579454464,15
754.9167594199998,1589.81,1593724928,1589407744,15
755.1270327249999,1590.3700000000001,1593724928,1589407744,15
755.337003994,1590.8,1593724928,1589407744,15
755.5476748279998,1591.23,1593724928,1589428224,15
755.757478475,1591.66,1593724928,1589420032,15
755.969306728,1592.09,1593724928,1589420032,15
756.1797704149999,1592.52,1593724928,1589420032,15
756.4268098269999,1593.12,1593753600,1589448704,15
756.6597728939996,1593.6,1593753600,1589465088,15
756.8954151139997,1594.0900000000001,1593753600,1589465088,15
757.1300272209996,1594.5700000000002,1593753600,1589465088,15
757.3696453719999,1595.04,1593753600,1589465088,15
757.6557357349998,1595.63,1593753600,1589465088,15
757.8803628239998,1596.1200000000001,1593753600,1589465088,15
758.106039113,1596.58,1593753600,1589465088,15
758.326938744,1597.03,1593753600,1589465088,15
758.556633059,1597.5,1593753600,1589465088,15
758.7948147469997,1597.99,1593757696,1589448704,15
759.0082296269998,1598.43,1593757696,1589448704,15
759.2242583959996,1598.87,1593757696,1589469184,15
759.448894608,1599.33,1593757696,1589469184,15
759.670741896,1599.78,1593757696,1589469184,15
759.8952714779998,1600.24,1593757696,1589469184,15
760.1184258859998,1600.7099999999998,1593757696,1589469184,15
760.337109999,1601.15,1593757696,1589469184,15
760.6160952779996,1601.73,1593757696,1589469184,15
760.837510155,1602.18,1593757696,1589469184,15
761.0592159509997,1602.64,1593757696,1589469184,15
761.2803884319997,1603.0800000000002,1593757696,1589469184,15
761.562318665,1603.66,1593757696,1589469184,15
761.790528554,1604.14,1593757696,1589469184,15
762.024324431,1604.6,1593757696,1589469184,15
762.253701177,1605.07,1593757696,1589469184,15
762.4870270299998,1605.55,1593757696,1589469184,15
762.7722628659999,1606.1299999999999,1593757696,1589469184,15
763.0048226999997,1606.62,1593757696,1589469184,15
763.2707753029999,1607.1699999999998,1593757696,1589469184,15
763.5910377679998,1607.8200000000002,1593757696,1589469184,15
763.8313382389997,1608.3200000000002,1593757696,1589469184,15
764.089263463,1608.8500000000001,1593757696,1589469184,15
764.5215196259996,1609.66,1593757696,1589469184,15
764.8202531839997,1610.3500000000001,1593757696,1589469184,15
765.0403496639997,1610.81,1593757696,1589469184,15
765.2710343169997,1611.29,1593757696,1589469184,15
765.5240308729999,1611.79,1593757696,1589469184,15
765.760845965,1612.29,1593757696,1589469184,15
765.987276977,1612.76,1593757696,1589469184,15
766.204481189,1613.21,1593757696,1589469184,15
766.422560003,1613.6499999999999,1593757696,1589469184,15
766.651998624,1614.12,1593757696,1589469184,15
766.8723918259998,1614.58,1593757696,1589469184,15
767.104195766,1615.06,1593757696,1589469184,15
767.3209767499998,1615.5,1593757696,1589469184,15
767.5365755809999,1615.9399999999998,1593757696,1589469184,15
767.7587131969999,1616.3899999999999,1593757696,1589469184,15
767.977767807,1616.8500000000001,1593757696,1589469184,15
768.2211435439999,1617.3500000000001,1593757696,1589469184,15
768.4648163469997,1617.8400000000001,1593757696,1589469184,15
768.6831857539996,1618.3,1593757696,1589469184,15
768.9048364669998,1618.75,1593757696,1589469184,15
769.1436956499997,1619.24,1593757696,1589469184,15
769.3742140479999,1619.72,1593757696,1589469184,15
769.5989756989998,1620.18,1593757696,1589469184,15
769.8339964279999,1620.66,1593757696,1589469184,15
770.0875422569998,1621.18,1593757696,1589469184,15
770.3176003909998,1621.67,1593757696,1589469184,15
770.56546381,1622.1699999999998,1593757696,1589469184,15
770.787064008,1622.6299999999999,1593757696,1589469184,15
771.0046072499999,1623.08,1593757696,1589469184,15
771.2243205719997,1623.53,1593757696,1589469184,15
771.441472124,1623.98,1593757696,1589469184,15
771.6668860639998,1624.4299999999998,1593757696,1589469184,15
771.8846289969997,1624.88,1593757696,1589469184,15
772.1044709389998,1625.3400000000001,1593757696,1589469184,15
772.3201306719998,1625.7800000000002,1593761792,1589473280,15
772.5437591909999,1626.23,1593761792,1589473280,15
772.7630238269999,1626.68,1593761792,1589473280,15
772.9787672969996,1627.1200000000001,1593761792,1589473280,15
773.2002353549997,1627.5700000000002,1593761792,1589473280,15
773.4182385049999,1628.02,1593761792,1589473280,15
773.636375051,1628.47,1593761792,1589473280,15
773.8478619059997,1628.91,1593819136,1589501952,15
774.065198277,1629.15,1593819136,1589501952,15
774.2760918619997,1629.49,1593819136,1589501952,15
774.4865936659999,1629.92,1593819136,1589501952,15
774.6970379739996,1630.35,1593819136,1589501952,15
774.9070312019999,1630.79,1593819136,1589501952,15
775.118414044,1631.2800000000002,1593819136,1589501952,15
775.3301589569996,1631.71,1593819136,1589501952,15
775.5404854779999,1632.14,1593819136,1589501952,15
775.7545994269999,1632.66,1593819136,1589501952,15
775.9649805889999,1633.11,1593819136,1589514240,15
776.1768774269999,1633.54,1593819136,1589514240,15
776.387131252,1633.97,1593819136,1589514240,15
776.5975901869997,1634.4099999999999,1593819136,1589514240,15
776.8115340939999,1634.95,1593819136,1589530624,15
777.0262675609997,1635.38,1593819136,1589530624,15
777.2407392529999,1635.8300000000002,1593819136,1589530624,15
777.4540808029997,1636.27,1593819136,1589530624,15
777.6663027089999,1636.91,1593819136,1589530624,15
777.8821737399999,1637.36,1593819136,1589530624,15
778.091805348,1637.79,1593819136,1589530624,15
778.3013775959998,1638.22,1593819136,1589530624,15
778.5158863399997,1638.6599999999999,1593819136,1589530624,15
778.7264186799998,1639.09,1593819136,1589510144,15
778.9389396719998,1639.53,1606963200,1599684608,15
779.153524461,1640.11,1573158912,1568821248,15
779.3674340359998,1640.6,1573158912,1568841728,15
779.5777746229996,1641.03,1573158912,1568841728,15
779.790043475,1641.47,1573158912,1568841728,15
780.0011912079999,1641.8999999999999,1573158912,1568841728,15
780.2116933479997,1642.34,1573158912,1568841728,15
780.4231903359996,1642.77,1593819136,1589501952,15
780.6337973939999,1643.3500000000001,1551482880,1547165696,15
780.8490375849997,1643.8,1551482880,1547165696,15
781.0598064419996,1644.24,1551482880,1547177984,15
781.3009953259998,1644.74,1551482880,1547177984,15
781.511804018,1645.17,1551482880,1547177984,15
781.7312497119997,1645.6299999999999,1593819136,1589514240,15
781.9422298449999,1646.22,1551474688,1547186176,15
782.151888415,1646.65,1551474688,1547186176,15
782.361670152,1647.0700000000002,1551474688,1547186176,15
782.5748935459997,1647.52,1551474688,1547186176,15
782.7849421249998,1647.95,1551474688,1547186176,15
782.9982976779997,1648.38,1551474688,1547186176,15
783.2081593549997,1648.81,1572577280,1568288768,15
783.4285248199999,1649.36,1551474688,1547186176,15
783.6603661969998,1649.84,1551474688,1547186176,15
783.925485104,1650.3799999999999,1551474688,1547165696,15
784.1774989619998,1650.9099999999999,1551474688,1547165696,15
784.4793437969997,1651.53,1551474688,1547186176,15
784.7116112059998,1651.99,1551474688,1547186176,15
784.9453163529997,1652.48,1551474688,1547186176,15
785.1893485159999,1652.98,1551474688,1547186176,15
785.417796148,1653.44,1551474688,1547186176,15
785.6528467119997,1653.92,1551474688,1547186176,15
785.8942041329997,1654.41,1551474688,1547186176,15
786.1283071299999,1654.8899999999999,1551474688,1547186176,15
786.366861899,1655.3799999999999,1551474688,1547186176,15
786.5970140949998,1655.84,1551474688,1547186176,15
786.8176681649998,1656.31,1551474688,1547186176,15
787.045965545,1656.77,1551474688,1547186176,15
787.264941637,1657.22,1551474688,1547186176,15
787.4826372979996,1657.6599999999999,1551474688,1547186176,15
787.6973601089999,1658.1,1551474688,1547186176,15
787.9098681169999,1658.54,1551474688,1547186176,15
788.1247649299999,1658.98,1551474688,1547186176,15
788.3389994449999,1659.4099999999999,1551474688,1547186176,15
788.5528153749997,1659.8500000000001,1551474688,1547186176,15
788.7661398329997,1660.2900000000002,1551474688,1547186176,15
788.9826897979997,1660.73,1551474688,1547186176,15
789.1980058679997,1661.17,1551474688,1547186176,15
789.4118023329997,1661.6100000000001,1551474688,1547186176,15
789.6306065459999,1662.05,1551474688,1547186176,15
789.8441943899998,1662.5,1551474688,1547186176,15
790.0600817299996,1662.94,1551474688,1547186176,15
790.2738083729996,1663.3700000000001,1551474688,1547186176,15
790.491882408,1663.82,1551474688,1547186176,15
790.7095451939999,1664.26,1551474688,1547186176,15
790.9237932429996,1664.7,1551474688,1547186176,15
791.1377487909999,1665.1299999999999,1551474688,1547186176,15
791.3541855389999,1665.58,1551474688,1547186176,15
791.652871147,1666.19,1551474688,1547186176,15
791.9073805509997,1666.71,1551474688,1547186176,15
792.133203155,1667.1799999999998,1551474688,1547186176,15
792.378398199,1667.6799999999998,1551474688,1547186176,15
792.6641433339996,1668.29,1551474688,1547186176,15
792.919212841,1668.8000000000002,1551474688,1547186176,15
793.1868341679997,1669.3500000000001,1551474688,1547186176,15
793.405713958,1669.8,1551474688,1547186176,15
793.68473064,1670.26,1551474688,1547186176,15
793.9280587999997,1670.8700000000001,1551474688,1547186176,15
794.1915339979996,1671.4,1551474688,1547186176,15
794.433293519,1671.92,1551474688,1547186176,15
794.6980672699997,1672.4099999999999,1551474688,1547186176,15
794.933007227,1672.9199999999998,1551474688,1547186176,15
795.1591715329996,1673.3899999999999,1551474688,1547186176,15
795.443674995,1673.99,1551474688,1547186176,15
795.662305796,1674.4299999999998,1551474688,1547186176,15
795.898168959,1674.9099999999999,1551474688,1547186176,15
796.1490847189998,1675.43,1551474688,1547186176,15
796.4009076859998,1675.96,1551474688,1547186176,15
796.6162797709999,1676.4,1551474688,1547186176,15
796.8366359729998,1676.8500000000001,1551474688,1547186176,15
797.0561914979999,1677.3,1551474688,1547186176,15
797.2752862689999,1677.76,1551474688,1547186176,15
797.5121668949996,1678.24,1551474688,1547186176,15
797.748214232,1678.72,1551474688,1547186176,15
797.996647685,1679.22,1551474688,1547186176,15
798.225422468,1679.7,1551474688,1547186176,15
798.451388213,1680.1699999999998,1551474688,1547186176,15
798.6709151719997,1680.62,1551474688,1547186176,15
798.8889143039996,1681.05,1551474688,1547186176,15
799.175100248,1681.6499999999999,1551474688,1547186176,15
799.394979664,1682.09,1551474688,1547186176,15
799.6254109249999,1682.56,1551474688,1547186176,15
799.9315709939997,1683.1100000000001,1551474688,1547186176,15
800.1621058709998,1683.67,1551474688,1547186176,15
800.392905576,1684.13,1551474688,1547186176,15
800.6627910109996,1684.69,1551474688,1547186176,15
800.9679888809997,1685.33,1551474688,1547186176,15
801.2280176709996,1685.86,1551474688,1547186176,15
801.4457730249997,1686.3,1551474688,1547186176,15
801.6959743429998,1686.79,1551474688,1547186176,15
801.946332517,1687.31,1551474688,1547186176,15
802.1759784829997,1687.81,1551474688,1547186176,15
802.3910645399997,1688.25,1551474688,1547186176,15
802.614965407,1688.6999999999998,1551474688,1547186176,15
802.8363772069997,1689.1599999999999,1551474688,1547186176,15
803.068949079,1689.6399999999999,1551474688,1547186176,15
803.2918697789996,1690.0900000000001,1551474688,1547186176,15
803.5413947869997,1690.5900000000001,1551474688,1547186176,15
803.766751484,1691.0600000000002,1551474688,1547186176,15
804.0025561719999,1691.54,1551474688,1547186176,15
804.228732088,1692.01,1551474688,1547186176,15
804.4456485379997,1692.46,1551474688,1547186176,15
804.6771230519998,1692.93,1551474688,1547186176,15
804.8966044169997,1693.3700000000001,1551474688,1547186176,15
805.1139273199997,1693.82,1551474688,1547186176,15
805.3360358949999,1694.27,1551474688,1547186176,15
805.5616843359999,1694.74,1551474688,1547186176,15
805.799668529,1695.23,1551474688,1547186176,15
806.0548444659998,1695.75,1551474688,1547186176,15
806.309544616,1696.28,1551474688,1547186176,15
806.5497833999998,1696.76,1551474688,1547186176,15
806.7836393839998,1697.2399999999998,1551474688,1547186176,15
807.054132492,1697.8200000000002,1551474688,1547186176,15
807.2816717709998,1698.28,1551474688,1547186176,15
807.5109063689997,1698.74,1551474688,1547186176,15
807.7322421229997,1699.21,1551474688,1547186176,15
807.959748237,1699.66,1551474688,1547186176,15
808.1882624189998,1700.13,1551474688,1547186176,15
808.4025713029996,1700.57,1551474688,1547186176,15
808.619856501,1701.02,1551474688,1547186176,15
808.8378951509999,1701.47,1551474688,1547186176,15
809.091544762,1701.94,1551474688,1547186176,15
809.3381173029998,1702.49,1551474688,1547186176,15
809.5798758569999,1702.98,1551474688,1547186176,15
809.8085942879998,1703.4499999999998,1551474688,1547186176,15
810.0253989919997,1703.8899999999999,1551474688,1547186176,15
810.2425310509998,1704.33,1551474688,1547186176,15
810.4560193969996,1704.78,1551474688,1547186176,15
810.6760425819998,1705.2199999999998,1551474688,1547186176,15
810.8931007689998,1705.67,1551474688,1547186176,15
811.1087979949998,1706.1200000000001,1551474688,1547186176,15
811.3294041089998,1706.5600000000002,1551474688,1547186176,15
811.60061946,1707.1000000000001,1551474688,1547186176,15
811.846649953,1707.63,1551474688,1547186176,15
812.1515229429997,1708.24,1551474688,1547186176,15
812.3682346979999,1708.67,1551568896,1547251712,15
812.5779063619998,1708.8899999999999,1551568896,1547251712,15
812.78781342,1709.24,1551577088,1547259904,15
812.9987388229997,1709.68,1551577088,1547259904,15
813.2080296429999,1710.1,1551577088,1547259904,15
813.4189163739998,1710.6000000000001,1559588864,1555271680,15
813.628946588,1711.03,1559588864,1555271680,15
813.8387069299997,1711.46,1559588864,1555271680,15
814.0485843649999,1711.98,1559597056,1555279872,15
814.2594921789996,1712.42,1559597056,1555292160,15
814.46935953,1712.84,1559597056,1555292160,15
814.6790414359998,1713.28,1559597056,1555292160,15
814.8924057179997,1713.83,1562304512,1557999616,15
815.1026253189998,1714.3100000000002,1562304512,1558016000,15
815.313075258,1714.73,1562304512,1558016000,15
815.522818252,1715.17,1562304512,1558016000,15
815.7327269499997,1715.5900000000001,1562304512,1558016000,15
815.9427122389998,1716.03,1572700160,1568411648,15
816.1526926749998,1716.4599999999998,1551597568,1547280384,15
816.362678085,1716.92,1551597568,1547280384,15
816.5758178879996,1717.35,1551597568,1547280384,15
816.7861219669999,1717.7700000000002,1551597568,1547280384,15
816.99930877,1718.22,1551597568,1547259904,15
817.21518397,1718.65,1551597568,1547259904,15
817.4248837089999,1719.0800000000002,1551597568,1547259904,15
817.6344189389997,1719.51,1551597568,1547280384,15
817.8480802879999,1719.94,1551597568,1547280384,15
818.0614315399998,1720.38,1557159936,1552842752,15
818.275217897,1720.82,1557159936,1552855040,15
818.4855909399998,1721.24,1562853376,1558548480,15
818.6994135519999,1721.69,1562853376,1558548480,15
818.911727661,1722.1,1565700096,1561395200,15
819.1259852379999,1722.55,1574236160,1569947648,15
819.3364788619997,1722.96,1574236160,1569947648,15
819.5480046929997,1723.3999999999999,1609588736,1591181312,15
819.7620699669997,1723.84,1602678784,1598390272,15
819.9735377069997,1724.27,1605816320,1641168896,15
820.1835825419998,1724.95,1551589376,1547300864,15
820.3935597649997,1725.37,1551589376,1547300864,15
820.6035379999998,1725.81,1551589376,1547300864,15
820.8134198939997,1726.24,1551589376,1547300864,15
821.023481574,1726.6699999999998,1551589376,1547280384,15
821.2335172559997,1727.1,1596579840,1592270848,15
821.4437120859998,1727.67,1570185216,1565896704,15
821.6540702839998,1728.1,1570185216,1565896704,15
821.8650809199999,1728.53,1570185216,1565896704,15
822.0767529679997,1728.97,1570185216,1565896704,15
822.288354019,1729.3999999999999,1570185216,1565896704,15
822.4980371059996,1729.83,1596596224,1592307712,15
822.7076759909996,1730.43,1570177024,1565888512,15
822.917253182,1730.8500000000001,1570177024,1565888512,15
823.127564941,1731.29,1570177024,1565888512,15
823.3373095539996,1731.71,1570177024,1565888512,15
823.546989981,1732.15,1570177024,1565888512,15
823.7575702589997,1732.57,1596588032,1581682688,15
823.9721321789998,1733.12,1570181120,1565892608,15
824.2344710949997,1733.6399999999999,1570181120,1565892608,15
824.4623018829998,1734.1000000000001,1570181120,1565892608,15
824.7900108539998,1734.78,1570181120,1565892608,15
825.0591411109999,1735.3400000000001,1570181120,1565892608,15
825.2767772329998,1735.79,1570181120,1565892608,15
825.493711313,1736.23,1570181120,1565892608,15
825.7113914719998,1736.68,1570181120,1565892608,15
825.9378820089996,1737.14,1570181120,1565892608,15
826.160051539,1737.6,1570181120,1565892608,15
826.3992497489999,1738.07,1570181120,1565892608,15
826.628533862,1738.55,1570181120,1565892608,15
826.9069914329998,1739.1299999999999,1570181120,1565892608,15
827.1761260019998,1739.6799999999998,1570181120,1565892608,15
827.4128799579998,1740.1499999999999,1570181120,1565892608,15
827.6384229169998,1740.62,1570181120,1565892608,15
827.8688801439998,1741.08,1570181120,1565892608,15
828.0993230479999,1741.5500000000002,1570181120,1565892608,15
828.332333928,1742.0300000000002,1570181120,1565892608,15
828.5624206009998,1742.5,1570181120,1565892608,15
828.7901614319999,1742.97,1570181120,1565892608,15
829.0277724149996,1743.46,1570181120,1565892608,15
829.2418890129998,1743.9,1570181120,1565892608,15
829.4589224479996,1744.3400000000001,1570181120,1565892608,15
829.6741310319999,1744.78,1570181120,1565892608,15
829.9110336589997,1745.22,1570181120,1565892608,15
830.2222211599997,1745.9,1570181120,1565892608,15
830.468863694,1746.39,1570181120,1565892608,15
830.7111039719998,1746.8999999999999,1570181120,1565892608,15
830.9444636969997,1747.3799999999999,1570181120,1565892608,15
831.175644032,1747.86,1570181120,1565892608,15
831.3902264859998,1748.29,1570181120,1565892608,15
831.6087842719999,1748.75,1570181120,1565892608,15
831.8266439459999,1749.1999999999998,1570181120,1565892608,15
832.1012019709997,1749.75,1570181120,1565892608,15
832.3353850569997,1750.23,1570181120,1565892608,15
832.5700592819999,1750.72,1570181120,1565892608,15
832.8748705839998,1751.3400000000001,1570181120,1565892608,15
833.1052411679998,1751.81,1570181120,1565892608,15
833.3274845689998,1752.28,1570181120,1565892608,15
833.5541376259998,1752.74,1570181120,1565892608,15
833.7817221259997,1753.2,1570181120,1565892608,15
834.0038986559998,1753.67,1570181120,1565892608,15
834.278317757,1754.22,1570181120,1565892608,15
834.4998030049996,1754.68,1570181120,1565892608,15
834.7247190029998,1755.1399999999999,1570181120,1565892608,15
834.940506895,1755.59,1570181120,1565892608,15
835.158384416,1756.02,1570181120,1565892608,15
835.3731416139999,1756.4699999999998,1570181120,1565892608,15
835.5936075089999,1756.9199999999998,1570181120,1565892608,15
835.8159891719997,1757.37,1570181120,1565892608,15
836.0554031869997,1757.8400000000001,1570181120,1565892608,15
836.3055483949997,1758.3700000000001,1570181120,1565892608,15
836.5339384989998,1758.8400000000001,1570181120,1565892608,15
836.7557479969996,1759.29,1570181120,1565892608,15
836.980904002,1759.76,1570181120,1565892608,15
837.1948507739999,1760.21,1570181120,1565892608,15
837.4138681709996,1760.65,1570181120,1565892608,15
837.6315167419998,1761.1,1570181120,1565892608,15
837.8465578189998,1761.53,1570181120,1565892608,15
838.0651671249998,1761.98,1570181120,1565892608,15
838.2850637859997,1762.44,1570181120,1565892608,15
838.5001785009999,1762.8799999999999,1570181120,1565892608,15
838.720840815,1763.33,1570181120,1565892608,15
838.9641587639999,1763.83,1570181120,1565892608,15
839.2128773319996,1764.33,1570181120,1565892608,15
839.442515405,1764.81,1570181120,1565892608,15
839.6562148419998,1765.25,1570181120,1565892608,15
839.9345181869999,1765.81,1570181120,1565892608,15
840.2082890209999,1766.39,1570181120,1565892608,15
840.4333941779996,1766.8400000000001,1570181120,1565892608,15
840.6633758999997,1767.3200000000002,1570181120,1565892608,15
840.919390523,1767.8400000000001,1570181120,1565892608,15
841.146007028,1768.31,1570181120,1565892608,15
841.3813656389998,1768.79,1570181120,1565892608,15
841.6013488669996,1769.24,1570181120,1565892608,15
841.8238697699999,1769.7,1570181120,1565892608,15
842.041829448,1770.15,1570181120,1565892608,15
842.272002013,1770.62,1570181120,1565892608,15
842.4909807069998,1771.06,1570181120,1565892608,15
842.7170981699996,1771.52,1570181120,1565892608,15
842.9678584439998,1772.04,1570181120,1565892608,15
843.2109784219997,1772.54,1570181120,1565892608,15
843.4405514239998,1773.0,1570181120,1565892608,15
843.6675127179997,1773.4599999999998,1570181120,1565892608,15
843.898127119,1773.9399999999998,1570181120,1565892608,15
844.1403986789996,1774.42,1570181120,1565892608,15
844.37627458,1774.92,1570181120,1565892608,15
844.601475942,1775.3700000000001,1570181120,1565892608,15
844.8385510199996,1775.8600000000001,1570181120,1565892608,15
845.060930485,1776.3200000000002,1570181120,1565892608,15
845.2819458129998,1776.77,1570181120,1565892608,15
845.5044140069999,1777.23,1570181120,1565892608,15
845.734226438,1777.7,1570181120,1565892608,15
845.974327595,1778.18,1570181120,1565892608,15
846.2258192519998,1778.7,1570181120,1565892608,15
846.4483483989998,1779.16,1570181120,1565892608,15
846.6935824699999,1779.6499999999999,1570181120,1565892608,15
846.9237105049997,1780.1499999999999,1570181120,1565892608,15
847.2637623199998,1780.85,1570181120,1565892608,15
847.6230803009998,1781.51,1570181120,1565892608,15
847.8421913009997,1782.0300000000002,1570181120,1565892608,15
848.0612753299997,1782.48,1570181120,1565892608,15
848.2821221669997,1782.93,1570181120,1565892608,15
848.4996333659997,1783.38,1570181120,1565892608,15
848.7181095689998,1783.8200000000002,1570181120,1565892608,15
848.9577273159998,1784.32,1570181120,1565892608,15
849.176411814,1784.77,1570181120,1565892608,15
849.3928187679999,1785.21,1570181120,1565892608,15
849.6141729789997,1785.66,1570181120,1565892608,15
849.8404634499998,1786.13,1570181120,1565892608,15
850.0629657459999,1786.58,1570181120,1565892608,15
850.2792545429998,1787.03,1570181120,1565892608,15
850.5235189129999,1787.52,1570181120,1565892608,15
850.7628680989997,1788.02,1570181120,1565892608,15
851.0472415589998,1788.61,1570181120,1565892608,15
851.300785717,1789.1299999999999,1570181120,1565892608,15
851.5810084049999,1789.69,1570181120,1565892608,15
851.803704591,1790.16,1570181120,1565892608,15
852.034946327,1790.63,1570181120,1565892608,15
852.287976992,1791.17,1570181120,1565892608,15
852.5125977289999,1791.63,1570181120,1565892608,15
852.7396397759999,1792.09,1570181120,1565892608,15
852.9543008719997,1792.53,1570181120,1565892608,15
853.176319873,1792.97,1570181120,1565892608,15
853.392667992,1793.43,1570185216,1565896704,15
853.611419583,1793.87,1570185216,1565896704,15
853.8242366899999,1794.31,1570185216,1565896704,15
854.045405459,1794.76,1570185216,1565896704,15
854.2656011699996,1795.2,1570185216,1565896704,15
854.4810152259997,1795.6499999999999,1570185216,1565896704,15
854.698927986,1796.09,1570189312,1565900800,15
854.923845975,1796.56,1570189312,1565900800,15
855.140877758,1797.01,1570189312,1565900800,15
855.3547008149999,1797.4399999999998,1570189312,1565900800,15
855.5787258379996,1797.9,1570189312,1565900800,15
855.7937874719996,1798.33,1570189312,1565900800,15
856.0173749549999,1798.8000000000002,1570189312,1565900800,15
856.229031287,1799.23,1570189312,1565900800,15
856.4557954779998,1799.68,1570189312,1565900800,15
856.6987169589997,1800.18,1570189312,1565900800,15
856.9447479329997,1800.7,1570189312,1565900800,15
857.1797713819997,1801.18,1570189312,1565900800,15
857.4549672149997,1801.75,1570189312,1565900800,15
857.7507179669997,1802.37,1570189312,1565900800,15
858.0091792999997,1802.8999999999999,1570189312,1565900800,15
858.222616776,1803.34,1570189312,1565900800,15
858.4338514869996,1803.76,1570189312,1565900800,15
858.6469957159998,1804.2,1570189312,1565900800,15
858.8892489649998,1804.6899999999998,1570189312,1565900800,15
859.1191987879997,1805.1699999999998,1570189312,1565900800,15
859.4447338179998,1805.8400000000001,1570189312,1565900800,15
859.667731859,1806.3,1570189312,1565900800,15
859.914955831,1806.81,1570189312,1565900800,15
860.1381855569998,1807.26,1570193408,1565904896,15
860.3610496759998,1807.72,1570193408,1565904896,15
860.5915578459999,1808.2,1570193408,1565904896,15
860.8197287429998,1808.66,1570193408,1565904896,15
861.0363967629996,1809.11,1570193408,1565904896,15
861.2701484609997,1809.55,1570193408,1565904896,15
861.510626197,1810.04,1570308096,1565990912,15
861.720506307,1810.26,1570308096,1565990912,15
861.775710809,1810.31,1570291712,1565974528,14
